date,equity,drawdown,drawdown_pct,daily_return
2025-04-17 07:30:00,49.85053453937768,0.0,0.0,
2025-04-17 07:45:00,49.2334113497097,0.6171231896679856,1.2379469856647392,-0.012379469856647396
2025-04-17 08:00:00,49.6164533295036,0.2340812098740841,0.46956609801080434,0.007780122670621337
2025-04-17 08:15:00,49.51005277956085,0.34048175981683215,0.6830052334702259,-0.0021444610165127775
2025-04-17 08:30:00,49.55261299953795,0.29792153983973435,0.5976295792864602,0.0008596278450074823
2025-04-17 08:45:00,48.63756827003026,1.212966269347426,2.4332061442376025,-0.018466124672703366
2025-04-17 09:00:00,48.999330139835635,0.8512043995420484,1.7075130836755006,0.007437910295944761
2025-04-17 09:15:00,58.243193997178984,0.0,0.0,0.1886528618036809
2025-04-17 09:30:00,58.142716633220765,0.10047736395821971,0.17251348537493727,-0.001725134853749366
2025-04-17 09:45:00,58.67022279400133,0.0,0.0,0.009072609456971525
2025-04-17 10:00:00,60.73000875514439,0.0,0.0,0.035107859882776093
2025-04-17 10:15:00,70.39062458454697,0.0,0.0,0.15907483017749824
2025-04-17 10:30:00,70.45208124259658,0.0,0.0,0.0008730801639043051
2025-04-17 10:45:00,70.54426622967098,0.0,0.0,0.0013084778398095853
2025-04-17 11:00:00,70.57499455869578,0.0,0.0,0.00043558932096265934
2025-04-17 11:15:00,71.86558437773758,0.0,0.0,0.01828678595176436
2025-04-17 11:30:00,71.25101779724149,0.6145665804960885,0.8551611815550311,-0.008551611815550308
2025-04-17 11:45:00,71.15883281016706,0.7067515675705209,0.9834353587883125,-0.0012938058981383227
2025-04-17 12:00:00,70.88227784894382,0.9833065287937615,1.3682578904880773,-0.0038864460011733826
2025-04-17 12:15:00,84.61929642028704,0.0,0.0,0.19380046731311307
2025-04-17 12:30:00,85.13476500585331,0.0,0.0,0.006091619847629515
2025-04-17 12:45:00,84.69293478965365,0.4418302161996621,0.5189774308642124,-0.005189774308642092
2025-04-17 13:00:00,86.34979810040231,0.0,0.0,0.019563182157563697
2025-04-17 13:15:00,86.05524462293587,0.2945534774664367,0.3411165792465985,-0.003411165792466031
2025-04-17 13:30:00,86.68117076255204,0.0,0.0,0.007273538554898762
2025-04-17 13:45:00,86.64435157786875,0.0368191846832957,0.04247656597089054,-0.00042476565970894775
2025-04-17 14:00:00,102.29655243290732,0.0,0.0,0.18064883134328347
2025-04-17 14:15:00,99.55744862654572,2.739103806361598,2.677611064320158,-0.026776110643201623
2025-04-17 14:30:00,116.3954144953328,0.0,0.0,0.16912813758364487
2025-04-17 14:45:00,116.3954144953328,0.0,0.0,0.0
2025-04-17 15:00:00,116.11718288887188,0.2782316064609205,0.23904000657352092,-0.00239040006573521
2025-04-17 15:15:00,117.03031342438055,0.0,0.0,0.007863870899990522
2025-04-17 15:30:00,120.78429451480501,0.0,0.0,0.032076997664798323
2025-04-17 15:45:00,120.32772924705074,0.45656526775427153,0.37800052530696243,-0.0037800052530696515
2025-04-17 16:00:00,139.81110185454935,0.0,0.0,0.16191922451637342
2025-04-17 16:15:00,135.19561584745037,4.61548600709898,3.3012299780747316,-0.03301229978074727
2025-04-17 16:30:00,138.90015066893767,0.9109511856116796,0.6515585483042511,0.02740129403062408
2025-04-17 16:45:00,138.1713897204484,1.6397121341009608,1.1728053869476074,-0.005246653405195034
2025-04-17 17:00:00,135.01342561032806,4.797676244221293,3.4315416877355656,-0.022855412517089113
2025-04-17 17:15:00,135.98510687498043,3.825994979568918,2.736545902877757,0.007196923270851752
2025-04-17 17:30:00,136.04583695402118,3.765264900528166,2.6931086663241595,0.00044659360452303787
2025-04-17 17:45:00,163.3163635022822,0.0,0.0,0.20045101826583278
2025-04-17 18:00:00,162.33479135621636,0.9815721460658438,0.6010249830551285,-0.0060102498305513175
2025-04-17 18:15:00,162.61524054080658,0.7011229614756189,0.4293035593251017,0.0017275975300625745
2025-04-17 18:30:00,165.34962009056153,0.0,0.0,0.016815026320173176
2025-04-17 18:45:00,163.38647579842976,1.9631442921317728,1.1872687043711163,-0.011872687043711139
2025-04-17 19:00:00,158.6889519565431,6.660668134018437,4.028233104116239,-0.028750995570049565
2025-04-17 19:15:00,185.56359738887235,0.0,0.0,0.1693542310348668
2025-04-17 19:30:00,185.56359738887235,0.0,0.0,0.0
2025-04-17 19:45:00,184.8762477443319,0.6873496445404612,0.37041189878423825,-0.0037041189878423975
2025-04-17 20:00:00,177.46942652541674,8.094170863455616,4.361938967206614,-0.04006367128977084
2025-04-17 20:15:00,210.53180832914472,0.0,0.0,0.18629902880197147
2025-04-17 20:30:00,210.53180832914472,0.0,0.0,0.0
2025-04-17 20:45:00,210.53180832914472,0.0,0.0,0.0
2025-04-17 21:00:00,209.63613858338815,0.8956697457565781,0.4254320298984422,-0.004254320298984426
2025-04-17 21:15:00,207.033580055243,3.4982282739017307,1.6616150792913023,-0.012414646376010752
2025-04-17 21:30:00,205.95665928497607,4.575149044168654,2.1731390997297098,-0.0052016719702164815
2025-04-17 21:45:00,207.21306685028748,3.3187414788572482,1.5763610758849034,0.0061003493146243315
2025-04-17 22:00:00,208.20024422303226,2.3315641061124666,1.107464057149648,0.004764069118565972
2025-04-17 22:15:00,206.76434986267628,3.7674584664684403,1.789496084400894,-0.006896698732100415
2025-04-17 22:30:00,204.7899951171869,5.741813211957833,2.7272901218713237,-0.009548816064281263
2025-04-17 22:45:00,199.5848780608966,10.94693026824811,5.1996562206570305,-0.025416852289643077
2025-04-17 23:00:00,242.9862166394463,0.0,0.0,0.2174580509316304
2025-04-17 23:15:00,238.7700928200053,4.216123819441009,1.735128797736326,-0.017351287977363294
2025-04-17 23:30:00,239.29710829743536,3.6891083420109396,1.5182376980193086,0.002207208914674963
2025-04-17 23:45:00,240.56194544326766,2.424271196178637,0.9976990586984109,0.005285634894760971
2025-04-18 00:00:00,239.71872067937954,3.2674959600667535,1.344724818245641,-0.0035052292345506553
2025-04-18 00:15:00,242.67000735298816,0.3162092864581325,0.13013465983024783,0.012311456799220633
2025-04-18 00:30:00,245.8321002175689,0.0,0.0,0.013030423079771536
2025-04-18 00:45:00,292.35883973128915,0.0,0.0,0.18926226262779622
2025-04-18 01:00:00,301.2663683029803,0.0,0.0,0.030467792866732513
2025-04-18 01:15:00,301.6481195274814,0.0,0.0,0.001267155131359221
2025-04-18 01:30:00,295.28559911913067,6.362520408350747,2.1092524688426226,-0.021092524688426262
2025-04-18 01:45:00,297.5761064661368,4.072013061344592,1.349921580059316,0.007756921955689666
2025-04-18 02:00:00,293.63134381295936,8.016775714522055,2.657658110741742,-0.013256315165970367
2025-04-18 02:15:00,300.24836503764413,1.399754489837278,0.4640355431454146,0.022535132451322326
2025-04-18 02:30:00,303.1751244254856,0.0,0.0,0.009747794588238712
2025-04-18 02:45:00,302.1571211601495,1.0180032653361195,0.33578060444940117,-0.003357806044493983
2025-04-18 03:00:00,297.70335687430384,5.471767551181756,1.8048207489155685,-0.014739895153703997
2025-04-18 03:15:00,296.9398544253018,6.235270000183789,2.0566562022526007,-0.0025646417192547455
2025-04-18 03:30:00,302.41162197648345,0.7635024490021465,0.25183545333706964,0.018427191465328008
2025-04-18 03:45:00,351.99508575506314,0.0,0.0,0.16396017935592266
2025-04-18 04:00:00,349.71099137944975,2.2840943756133925,0.6488995068535662,-0.006488995068535619
2025-04-18 04:15:00,343.77234600285544,8.222739752207701,2.336038224672693,-0.016981580570770927
2025-04-18 04:30:00,411.93025463182096,0.0,0.0,0.1982646638726413
2025-04-18 04:45:00,413.34274384329285,0.0,0.0,0.003428952342270586
2025-04-18 05:00:00,414.22554960046267,0.0,0.0,0.0021357717543590837
2025-04-18 05:15:00,411.57713232895304,2.6484172715096292,0.63936598649314,-0.006393659864931456
2025-04-18 05:30:00,495.3233411264118,0.0,0.0,0.2034763406887352
2025-04-18 05:45:00,485.5856040012371,9.737737125174704,1.9659354439122887,-0.019659354439122922
2025-04-18 06:00:00,488.1258832512826,7.197457875129203,1.453082719413446,0.0052313726542005945
2025-04-18 06:15:00,488.9726430012979,6.3506981251138654,1.2821318112471303,0.0017347159392067102
2025-04-18 06:30:00,486.6440536887562,8.679287437655603,1.7522468087044087,-0.004762207755118819
2025-04-18 06:45:00,483.8920845012067,11.431256625205094,2.3078372602448622,-0.005654993966718758
2025-04-18 07:00:00,581.0466236693723,0.0,0.0,0.20077728543196138
2025-04-18 07:15:00,582.5245297320322,0.0,0.0,0.0025435240520403912
2025-04-18 07:30:00,577.1055408356128,5.418988896419364,0.930259348719986,-0.009302593487199862
2025-04-18 07:45:00,589.6677423682213,0.0,0.0,0.021767598201221983
2025-04-18 08:00:00,604.2004853177096,0.0,0.0,0.02464564687076498
2025-04-18 08:15:00,701.7607816513942,0.0,0.0,0.16147007277292058
2025-04-18 08:30:00,706.1717935131082,0.0,0.0,0.006285634616591151
2025-04-18 08:45:00,708.8184006301366,0.0,0.0,0.0037478233219452317
2025-04-18 09:00:00,709.9946704599267,0.0,0.0,0.0016594798170370684
2025-04-18 09:15:00,702.6429840237369,7.35168643618988,1.0354565663750037,-0.010354565663750037
2025-04-18 09:30:00,697.055702332233,12.938968127693784,1.8224035568199495,-0.007951807416489043
2025-04-18 09:45:00,845.4511760835696,0.0,0.0,0.21288897466132184
2025-04-18 10:00:00,844.74145307918,0.7097230043896161,0.08394606625036649,-0.0008394606625036216
2025-04-18 10:15:00,847.5803450967385,0.0,0.0,0.0033606637950704954
2025-04-18 10:30:00,823.0949014452943,24.485443651444143,2.8888640225192455,-0.02888864022519244
2025-04-18 10:45:00,810.3198873662797,37.260457730458825,4.396097425572806,-0.015520706125846107
2025-04-18 11:00:00,962.4263426152489,0.0,0.0,0.18771161564767858
2025-04-18 11:15:00,959.1029852027028,3.323357412546102,0.3453103126329001,-0.00345310312632896
2025-04-18 11:30:00,970.5554701258988,0.0,0.0,0.011940829191325664
2025-04-18 11:45:00,962.3751237521875,8.180346373711245,0.8428520188186777,-0.008428520188186739
2025-04-18 12:00:00,958.6939678840173,11.861502241881453,1.2221354272870977,-0.003825073796398404
2025-04-18 12:15:00,954.1947773784761,16.360692747422604,1.6857040376373669,-0.004693041425379518
2025-04-18 12:30:00,951.7406734663626,18.814796659536114,1.9385596432829844,-0.0025719108616961694
2025-04-18 12:45:00,955.0128120158472,15.542658110051548,1.6014188357555061,0.0034380568580378856
2025-04-18 13:00:00,973.4185913566974,0.0,0.0,0.019272808813945774
2025-04-18 13:15:00,1152.720149537305,0.0,0.0,0.184197795041809
2025-04-18 13:30:00,1143.3786001483165,9.34154938898837,0.8103917844012715,-0.008103917844012765
2025-04-18 13:45:00,1146.8202236074176,5.899925929887331,0.5118263901481662,0.0030100471170744214
2025-04-18 14:00:00,1145.8369026191026,6.883246918202303,0.59713078850623,-0.00085743254964743
2025-04-18 14:15:00,1149.7701865723611,2.9499629649437793,0.25591319507409294,0.0034326734845666618
2025-04-18 14:30:00,1157.1450939847205,0.0,0.0,0.0064142447755972665
2025-04-18 14:45:00,1142.8869396541593,14.258154330561183,1.232183794813674,-0.012321837948136793
2025-04-18 15:00:00,1128.1371248294408,29.007969155279625,2.5068566860002313,-0.012905751490328354
2025-04-18 15:15:00,1337.8178937502037,0.0,0.0,0.1858646119393188
2025-04-18 15:30:00,1334.3520311253706,3.4658626248331075,0.25906834114152244,-0.0025906834114152177
2025-04-18 15:45:00,1325.6873745632888,12.130519186914853,0.9067391939952519,-0.006493531212130033
2025-04-18 16:00:00,1307.7804176683192,30.037476081884506,2.2452589565596797,-0.013507677027450482
2025-04-18 16:15:00,1289.295817002544,48.52207674765964,3.6269567759810246,-0.014134330516075377
2025-04-18 16:30:00,1267.9229974827413,69.8948962674624,5.224544879686975,-0.016577126240502338
2025-04-18 16:45:00,1520.625738315168,0.0,0.0,0.19930448563053726
2025-04-18 17:00:00,1520.625738315168,0.0,0.0,0.0
2025-04-18 17:15:00,1520.625738315168,0.0,0.0,0.0
2025-04-18 17:30:00,1515.7834093346478,4.8423289805202785,0.31844318154745366,-0.0031844318154745643
2025-04-18 17:45:00,1529.7738220438907,0.0,0.0,0.009229823088896305
2025-04-18 18:00:00,1552.0312968085948,0.0,0.0,0.014549519964308422
2025-04-18 18:15:00,1564.1139259665774,0.0,0.0,0.007785042210700199
2025-04-18 18:30:00,1829.440982974459,0.0,0.0,0.16963409928334805
2025-04-18 18:45:00,1843.4199150695424,0.0,0.0,0.007641094861860598
2025-04-18 19:00:00,1886.1333186934075,0.0,0.0,0.023170740033072512
2025-04-18 19:15:00,1872.154386598324,13.978932095083564,0.7411423125045727,-0.007411423125045724
2025-04-18 19:30:00,1872.154386598324,13.978932095083564,0.7411423125045727,0.0
2025-04-18 19:45:00,1872.9309939369407,13.20232475646685,0.6999677395876012,0.0004148201367237814
2025-04-18 20:00:00,1872.9309939369407,13.20232475646685,0.6999677395876012,0.0
2025-04-18 20:15:00,1876.8140306300188,9.31928806338874,0.4940948750030325,0.0020732406616412735
2025-04-18 20:30:00,2203.336220831465,0.0,0.0,0.1739768484636901
2025-04-18 20:45:00,2201.4763386964332,1.8598821350319668,0.0844120891513375,-0.0008441208915134224
2025-04-18 21:00:00,2243.3236867346577,0.0,0.0,0.019008765755349266
2025-04-18 21:15:00,2237.7440403295604,5.5796464050972645,0.24872230601812526,-0.0024872230601812317
2025-04-18 21:30:00,2207.9859261690453,35.33776056561237,1.5752412714479642,-0.013298265406678333
2025-04-18 21:45:00,2210.7757493715944,32.547937363063284,1.4508801184388815,0.0012635149388788847
2025-04-18 22:00:00,2220.0751600467543,23.24852668790345,1.0363429417421073,0.004206401611652977
2025-04-18 22:15:00,2223.7949243168196,19.528762417838152,0.870528071063337,0.0016755127650665003
2025-04-18 22:30:00,2214.4955136416584,28.82817309299935,1.2850652477601718,-0.004181775294778145
2025-04-18 22:45:00,2630.5987426492484,0.0,0.0,0.18789978414691988
2025-04-18 23:00:00,2650.5451821079864,0.0,0.0,0.007582471296496696
2025-04-18 23:15:00,2683.7892478725494,0.0,0.0,0.012542350150818393
2025-04-18 23:30:00,2714.817042586142,0.0,0.0,0.011561188993580052
2025-04-18 23:45:00,3177.0950076796903,0.0,0.0,0.17027960184498503
2025-04-19 00:00:00,3142.6690961397753,34.42591153991498,1.083565693084421,-0.010835656930844206
2025-04-19 00:15:00,3206.224625136543,0.0,0.0,0.020223423800754148
2025-04-19 00:30:00,3216.81721330267,0.0,0.0,0.0033037573484657745
2025-04-19 00:45:00,3185.039448804287,31.77776449838302,0.987863543100018,-0.009878635431000204
2025-04-19 01:00:00,3189.0116693665846,27.80554393608554,0.8643806002125282,0.001247149564753025
2025-04-19 01:15:00,3247.270904280289,0.0,0.0,0.01826874309471438
2025-04-19 01:30:00,3236.6783161141607,10.59258816612828,0.3261997067188324,-0.003261997067188327
2025-04-19 01:45:00,3159.882051909733,87.38885237055592,2.691147580430294,-0.023726875736179598
2025-04-19 02:00:00,3121.4839198075188,125.7869844727702,3.873621517286039,-0.012151761195962285
2025-04-19 02:15:00,3063.2246848938157,184.04621938647324,5.66771990423954,-0.018663954840201558
2025-04-19 02:30:00,3729.257985831821,0.0,0.0,0.21742881095941957
2025-04-19 02:45:00,3735.4082110024347,0.0,0.0,0.001649182007246397
2025-04-19 03:00:00,3764.621780562855,0.0,0.0,0.007820716749075363
2025-04-19 03:15:00,3803.0606878791978,0.0,0.0,0.01021056285516031
2025-04-19 03:30:00,3776.9222309040847,26.13845697511306,0.6873005486980368,-0.0068730054869803325
2025-04-19 03:45:00,3709.2697540273234,93.79093385187434,2.4661960865046697,-0.017912065099780272
2025-04-19 04:00:00,3676.9810718815947,126.07961599760301,3.315214411366971,-0.008704862220028975
2025-04-19 04:15:00,4426.906432408332,0.0,0.0,0.20395137909779426
2025-04-19 04:30:00,4381.069963870403,45.83646853792925,1.0354063099769024,-0.01035406309976905
2025-04-19 04:45:00,4423.239514925298,3.6669174830340125,0.0828325047981448,0.009625400051278987
2025-04-19 05:00:00,4388.403798836471,38.502633571861224,0.8697413003806128,-0.007875611522116577
2025-04-19 05:15:00,5203.0619636414285,0.0,0.0,0.18563883410659576
2025-04-19 05:30:00,5207.3389654560715,0.0,0.0,0.0008220163135728153
2025-04-19 05:45:00,5230.862475436609,0.0,0.0,0.004517376367581427
2025-04-19 06:00:00,5200.923462734107,29.939012702502623,0.572353275259902,-0.00572353275259907
2025-04-19 06:15:00,5213.7544681780355,17.108007258573707,0.3270590144342447,0.002467062923703134
2025-04-19 06:30:00,5132.4914336998145,98.37104173679472,1.8805893329968286,-0.01558627951780378
2025-04-19 06:45:00,5151.737941865707,79.1245335709018,1.5126479417583512,0.003749934785963971
2025-04-19 07:00:00,6261.908961552326,0.0,0.0,0.21549446656919224
2025-04-19 07:15:00,6231.149995541687,30.758966010639597,0.4912074927869033,-0.004912074927869048
2025-04-19 07:30:00,6126.056861672008,135.85209988031784,2.1694997598087107,-0.01686576858924449
2025-04-19 07:45:00,6195.264535195944,66.64442635638261,1.0642829010382397,0.011297262674288433
2025-04-19 08:00:00,7453.36847725183,0.0,0.0,0.20307509629467257
2025-04-19 08:15:00,7557.020352993522,0.0,0.0,0.01390671560892831
2025-04-19 08:30:00,7511.291584283951,45.72876870957043,0.6051163894438387,-0.006051163894438383
2025-04-19 08:45:00,7496.0486613807625,60.97169161275906,0.8068218525917649,-0.0020293344669353175
2025-04-19 09:00:00,7447.271308090554,109.7490449029674,1.4522793346651912,-0.0065070753264325765
2025-04-19 09:15:00,7307.03641738121,249.98393561231114,3.307969595626223,-0.018830372213913482
2025-04-19 09:30:00,7148.510019188035,408.5103338054869,5.4057064123648395,-0.021695033271777575
2025-04-19 09:45:00,7218.62746454271,338.39288845081137,4.477861281884277,0.009808679734163661
2025-04-19 10:00:00,7270.453402413553,286.56695057996876,3.7920627071813104,0.007179472569461165
2025-04-19 10:15:00,7355.813770671416,201.20658232210553,2.6625121135528325,0.01174072145617866
2025-04-19 10:30:00,7395.445370219708,161.57498277381364,2.138077909368205,0.005387792674456771
2025-04-19 10:45:00,7432.028385187366,124.99196780615512,1.6539847978131053,0.004946695315331873
2025-04-19 11:00:00,7553.971768412885,3.048584580636998,0.04034109262957561,0.016407819898610843
2025-04-19 11:15:00,7450.319892671192,106.70046032232949,1.4119382420356037,-0.013721506899868952
2025-04-19 11:30:00,8917.268680182353,0.0,0.0,0.1968974230159144
2025-04-19 11:45:00,9033.986706805603,0.0,0.0,0.013088988434613702
2025-04-19 12:00:00,9085.050843453273,0.0,0.0,0.005652447618635703
2025-04-19 12:15:00,9128.820103436992,0.0,0.0,0.004817723173806909
2025-04-19 12:30:00,9139.762418432925,0.0,0.0,0.0011986560006602698
2025-04-19 12:45:00,9085.050843453273,54.71157497965214,0.598610472295327,-0.005986104722953245
2025-04-19 13:00:00,9066.813651793393,72.94876663953255,0.7981472963937296,-0.0020073846557525643
2025-04-19 13:15:00,9015.749515145719,124.01290328720643,1.3568504038693523,-0.00563198259154396
2025-04-19 13:30:00,8957.390501834094,182.37191659883138,1.9953682409843239,-0.0064730073981743574
2025-04-19 13:45:00,8942.800748506186,196.96166992673898,2.154997700263082,-0.0016287950519652261
2025-04-19 14:00:00,8880.794296862587,258.96812157033855,2.8334229021977184,-0.006933672502315025
2025-04-19 14:15:00,8837.025036878864,302.73738155406136,3.312311280033992,-0.004928529872512133
2025-04-19 14:30:00,8727.601886919565,412.1605315133602,4.509532224624587,-0.012382351470393238
2025-04-19 14:45:00,8694.77494193178,444.98747650114456,4.868698508001708,-0.0037612789186665108
2025-04-19 15:00:00,8610.883860296315,528.8785581366101,5.78656789885453,-0.009648447739675103
2025-04-19 15:15:00,8592.646668636435,547.1157497964905,5.986104722952932,-0.0021179233114465568
2025-04-19 15:30:00,10431.273916108572,0.0,0.0,0.21397682441467225
2025-04-19 15:45:00,10477.748874230254,0.0,0.0,0.004455348262872638
2025-04-19 16:00:00,10325.649011286572,152.09986294368173,1.4516463867326246,-0.01451646386732619
2025-04-19 16:15:00,10274.949056972006,202.79981725824837,1.9355285156435573,-0.0049100985574028755
2025-04-19 16:30:00,10139.749178799842,337.9996954304115,3.225880859405906,-0.01315820423269387
2025-04-19 16:45:00,9953.84934631312,523.899527917134,5.000115332079117,-0.018333770314102216
2025-04-19 17:00:00,10025.674281592082,452.07459263817145,4.314615649455361,0.007215794893014493
2025-04-19 17:15:00,12151.155783590191,0.0,0.0,0.2120038455568678
2025-04-19 17:30:00,11892.03050098661,259.1252826035816,2.132515517194861,-0.02132515517194855
2025-04-19 17:45:00,11971.76135717233,179.3944264178608,1.4763568965194913,0.00670456203245573
2025-04-19 18:00:00,11702.669717545528,448.48606604466295,3.690892241298818,-0.02247719709728324
2025-04-19 18:15:00,11757.484681173215,393.6711024169763,3.2397831895844713,0.0046839708332111485
2025-04-19 18:30:00,11647.854753917849,503.30102967234234,4.142001293013104,-0.00932426707141809
2025-04-19 18:45:00,11712.636074568747,438.5197090214442,3.6088724137143666,0.00556165251194507
2025-04-19 19:00:00,11812.299644800896,338.8561387892951,2.7886741378701703,0.008509064022619528
2025-04-19 19:15:00,11892.03050098661,259.1252826035816,2.132515517194861,0.006749816596534286
2025-04-19 19:30:00,11956.81182163751,194.34396195268164,1.599386637896108,0.005447456651370475
2025-04-19 19:45:00,11971.76135717233,179.3944264178608,1.4763568965194913,0.0012502944562335916
2025-04-19 20:00:00,11926.912750567863,224.24303302232875,1.8454461206493866,-0.0037461995162139106
2025-04-19 20:15:00,14251.941698226508,0.0,0.0,0.19493971292344248
2025-04-19 20:30:00,14303.97587671732,0.0,0.0,0.0036510238108318216
2025-04-19 20:45:00,14477.423138353364,0.0,0.0,0.012125807756594886
2025-04-19 21:00:00,14824.317661625451,0.0,0.0,0.023961068206475256
2025-04-19 21:15:00,14488.986289129107,335.33137249634456,2.2620357992219136,-0.022620357992219176
2025-04-19 21:30:00,14639.307249213673,185.01041241177882,1.2480197512948659,0.010374843145330992
2025-04-19 21:45:00,14760.720332358904,63.597329266547604,0.4290067895076009,0.00829363583114584
2025-04-19 22:00:00,14708.68615386809,115.63150775736176,0.780012344559291,-0.0035251788069409207
2025-04-19 22:15:00,17161.023325177266,0.0,0.0,0.1667271397088217
2025-04-19 22:30:00,17064.164952405168,96.85837277209794,0.5644090736127324,-0.005644090736127372
2025-04-19 22:45:00,17043.40958681115,117.61373836611529,0.6853538751011539,-0.001216312995796054
2025-04-19 23:00:00,17064.164952405168,96.85837277209794,0.5644090736127324,0.001217794214725565
2025-04-19 23:15:00,17264.80015314736,0.0,0.0,0.011757692292696298
2025-04-19 23:30:00,17188.69714596929,76.10300717806967,0.4407986568219624,-0.004407986568219613
2025-04-19 23:45:00,16842.774386068955,422.0257670784049,2.444428915103717,-0.020125013371444123
2025-04-20 00:00:00,20338.51666226444,0.0,0.0,0.20755145180160417
2025-04-20 00:15:00,20191.3263314446,147.19033081983798,0.7237023882519965,-0.007237023882520011
2025-04-20 00:30:00,19839.704985597222,498.8116766672174,2.452546982409488,-0.017414474912417655
2025-04-20 00:45:00,19905.12291040604,433.3937518583989,2.130901476519704,0.0032973234660651496
2025-04-20 01:00:00,20469.35251188206,0.0,0.0,0.02834594913157007
2025-04-20 01:15:00,20403.934587073254,65.41792480880758,0.3195896146242718,-0.003195896146242716
2025-04-20 01:30:00,20469.35251188206,0.0,0.0,0.0032061426451666097
2025-04-20 01:45:00,20690.13800811182,0.0,0.0,0.010786149493570596
2025-04-20 02:00:00,20534.77043669088,155.36757142093848,0.7509257374698262,-0.007509257374698208
2025-04-20 02:15:00,20469.35251188206,220.78549622975697,1.0671049953518692,-0.0031857149321684597
2025-04-20 02:30:00,20992.69591035259,0.0,0.0,0.02556716916994506
2025-04-20 02:45:00,20649.251805106313,343.4441052462789,1.6360171495501383,-0.016360171495501397
2025-04-20 03:00:00,24524.652891605656,0.0,0.0,0.18767755476452685
2025-04-20 03:15:00,24094.37682715426,430.27606445139463,1.7544634223902524,-0.01754463422390251
2025-04-20 03:30:00,24456.199881352022,68.45301025363369,0.27911918083482407,0.015016908583831423
2025-04-20 03:45:00,23468.520733406767,1056.1321581988886,4.306410218594301,-0.040385634429589534
2025-04-20 04:00:00,27915.559807596772,0.0,0.0,0.18948953471361207
2025-04-20 04:15:00,27915.559807596772,0.0,0.0,0.0
2025-04-20 04:30:00,27813.467998188415,102.09180940835722,0.3657165040286047,-0.0036571650402860145
2025-04-20 04:45:00,26928.762262594613,986.7975450021586,3.534937331737182,-0.031808537347856936
2025-04-20 05:00:00,27750.27473136028,165.28507623649057,0.59208942029352,0.030506878138502058
2025-04-20 05:15:00,26749.714673248243,1165.8451343485285,4.176327261154413,-0.036055861349052365
2025-04-20 05:30:00,31631.791088076712,0.0,0.0,0.18250947624913993
2025-04-20 05:45:00,31497.070009550524,134.72107852618865,0.42590404745360877,-0.004259040474536069
2025-04-20 06:00:00,31817.424027357545,0.0,0.0,0.010170914872713155
2025-04-20 06:15:00,31817.424027357545,0.0,0.0,0.0
2025-04-20 06:30:00,31940.637111129476,0.0,0.0,0.0038725034328985775
2025-04-20 06:45:00,32470.45337134877,0.0,0.0,0.01658752949654474
2025-04-20 07:00:00,33234.37449073473,0.0,0.0,0.02352665392901554
2025-04-20 07:15:00,37910.483374617805,0.0,0.0,0.1407009746847112
2025-04-20 07:30:00,37969.558306100946,0.0,0.0,0.0015582742878634814
2025-04-20 07:45:00,38028.6332375841,0.0,0.0,0.0015558498470513715
2025-04-20 08:00:00,36847.134607921194,1181.4986296629068,3.106865877302209,-0.031068658773022118
2025-04-20 08:15:00,37659.414915814436,369.21832176966564,0.9708955866569594,0.02204459903155187
2025-04-20 08:30:00,39269.20679873014,0.0,0.0,0.04274606725872698
2025-04-20 08:45:00,40007.64344226946,0.0,0.0,0.018804470569627085
2025-04-20 09:00:00,39889.49357930316,118.1498629662965,0.2953182262204104,-0.0029531822622040904
2025-04-20 09:15:00,40229.17443533124,0.0,0.0,0.00851554696608936
2025-04-20 09:30:00,40583.62402423012,0.0,0.0,0.008810759700492055
2025-04-20 09:45:00,40465.47416126383,118.14986296628922,0.29112694050129384,-0.0029112694050129617
2025-04-20 10:00:00,41159.60460619079,0.0,0.0,0.01715364664110197
2025-04-20 10:15:00,41262.98573628628,0.0,0.0,0.00251171339191969
2025-04-20 10:30:00,46396.422823803405,0.0,0.0,0.12440779541076274
2025-04-20 10:45:00,45758.828893612175,637.5939301912294,1.374230794931276,-0.013742307949312749
2025-04-20 11:00:00,46002.61480809706,393.80801570634503,0.8487896086340178,0.0053276257364820445
2025-04-20 11:15:00,54500.12355161294,0.0,0.0,0.1847179509026562
2025-04-20 11:30:00,53810.565280963034,689.5582706499044,1.2652416649971006,-0.012652416649970966
2025-04-20 11:45:00,52898.56885849058,1601.554693122358,2.9386258025739096,-0.01694827805117105
2025-04-20 12:00:00,61865.140779280635,0.0,0.0,0.16950500012158387
2025-04-20 12:15:00,61865.140779280635,0.0,0.0,0.0
2025-04-20 12:30:00,61605.691479224915,259.4493000557195,0.4193788243065182,-0.004193788243065155
2025-04-20 12:45:00,62068.3681728971,0.0,0.0,0.007510291379948297
2025-04-20 13:00:00,61654.39428908514,413.97388381195924,0.6669643427048013,-0.006669643427048011
2025-04-20 13:15:00,74105.12709466026,0.0,0.0,0.20194396440253914
2025-04-20 13:30:00,76332.33591783019,0.0,0.0,0.0300547197000951
2025-04-20 13:45:00,74925.67771372288,1406.6582041073125,1.8428077526954554,-0.018428077526954523
2025-04-20 14:00:00,74222.3486116692,2109.987306160998,2.7642116290432215,-0.009387023561414742
2025-04-20 14:15:00,73899.98943989459,2432.3464779356,3.1865217390359426,-0.0043431550982195866
2025-04-20 14:30:00,74046.5163361558,2285.8195816743973,2.994562598130134,0.001982772898504681
2025-04-20 14:45:00,75072.20460998404,1260.1313078461535,1.650848611789704,0.01385194502833631
2025-04-20 15:00:00,72639.85813204845,3692.477785781739,4.837370350825627,-0.0324000938905703
2025-04-20 15:15:00,71467.642961959,4864.692955871185,6.373043478071866,-0.016137354893487443
2025-04-20 15:30:00,70735.00848065308,5597.327437177111,7.332839182600794,-0.010251275275664162
2025-04-20 15:45:00,71057.36765242771,5274.96826540248,6.910529072608034,0.004557279043273077
2025-04-20 16:00:00,71438.33758270676,4893.998335123426,6.411435306253027,0.005361441647297571
2025-04-20 16:15:00,71995.13978849926,4337.196129330929,5.681990570811051,0.007794165214831228
2025-04-20 16:30:00,72346.80433952609,3985.5315783041005,5.2212886326371875,0.004884559597493787
2025-04-20 16:45:00,72932.91192457081,3399.4239932593773,4.453452069014068,0.00810136108146664
2025-04-20 17:00:00,73460.40875111107,2871.9271667191206,3.7623991617532533,0.007232630819482555
2025-04-20 17:15:00,73020.8280623275,3311.507855502685,4.338276584470621,-0.005983912916587397
2025-04-20 17:30:00,86806.5085817254,0.0,0.0,0.18879107352262592
2025-04-20 17:45:00,87014.41830600693,0.0,0.0,0.0023950937283210294
2025-04-20 18:00:00,86737.20534029823,277.2129657087062,0.3185827947890438,-0.0031858279478904628
2025-04-20 18:15:00,86667.90209887101,346.51620713592274,0.3982284934863507,-0.0007990024713767641
2025-04-20 18:30:00,84796.714580337,2217.7037256699405,2.5486623583126846,-0.02159031744416018
2025-04-20 18:45:00,84762.0629596234,2252.355346383527,2.588485207661313,-0.00040864343489110944
2025-04-20 19:00:00,84692.75971819623,2321.6585878107,2.6681309063585696,-0.0008176209852299721
2025-04-20 19:15:00,100754.10993956485,0.0,0.0,0.18964254175694117
2025-04-20 19:30:00,99959.59186435644,794.5180752084125,0.7885713800508851,-0.007885713800508842
2025-04-20 19:45:00,100754.10993956485,0.0,0.0,0.007948392549326888
2025-04-20 20:00:00,103376.01958775255,0.0,0.0,0.026022855541678602
2025-04-20 20:15:00,104369.16718176308,0.0,0.0,0.009607137109467478
2025-04-20 20:30:00,103614.3750103151,754.792171447989,0.7231945907295476,-0.007231945907295478
2025-04-20 20:45:00,103852.7304328776,516.4367488854914,0.49481735155182005,0.0023004088239568787
2025-04-20 21:00:00,101389.72439973154,2979.442782031547,2.85471548972191,-0.023716333917074506
2025-04-20 21:15:00,101866.43524485658,2502.731936906508,2.3979610113664127,0.004701766850115918
2025-04-20 21:30:00,121034.59154134874,0.0,0.0,0.18816950107675434
2025-04-20 21:45:00,120224.85700621542,809.7345351333206,0.6690108379939408,-0.006690108379939441
2025-04-20 22:00:00,122130.11473594085,0.0,0.0,0.01584745265803833
2025-04-20 22:15:00,123797.21524945057,0.0,0.0,0.01365020017474139
2025-04-20 22:30:00,122749.3234981016,1047.8917513489723,0.846458257754407,-0.008464582577544122
2025-04-20 22:45:00,122606.42916837221,1190.7860810783604,0.9618843838118122,-0.0011641150081906915
2025-04-20 23:00:00,141324.79907072213,0.0,0.0,0.15267037813037088
2025-04-20 23:15:00,141269.66522029036,55.133850431768224,0.039012155541206885,-0.0003901215554120707
2025-04-20 23:30:00,141765.8698741763,0.0,0.0,0.0035124642867396805
2025-04-20 23:45:00,143971.22389144707,0.0,0.0,0.015556311397292744
2025-04-21 00:00:00,170495.27509088547,0.0,0.0,0.1842316157528625
2025-04-21 00:15:00,167202.0368994674,3293.2381914180587,1.931571528690482,-0.01931571528690479
2025-04-21 00:30:00,171153.92272916908,0.0,0.0,0.023635392863532
2025-04-21 00:45:00,174315.43139293045,0.0,0.0,0.018471727748618827
2025-04-21 01:00:00,179255.2886800575,0.0,0.0,0.02833861149098138
2025-04-21 01:15:00,178201.45245880377,1053.8362212537322,0.5878968643065612,-0.005878968643065585
2025-04-21 01:30:00,177608.6695843485,1646.6190957090002,0.9185888504790262,-0.003326476110469989
2025-04-21 01:45:00,176950.0219460649,2305.266733992612,1.2860243906706432,-0.00370842053952114
2025-04-21 02:00:00,179848.07155451275,0.0,0.0,0.016377786092228952
2025-04-21 02:15:00,180704.3134842815,0.0,0.0,0.004760918048038354
2025-04-21 02:30:00,181494.69065022183,0.0,0.0,0.004373869946436404
2025-04-21 02:45:00,180967.7725395949,526.9181106269243,0.29032150127322764,-0.0029032150127322742
2025-04-21 03:00:00,180111.53060982624,1383.1600403955963,0.7620939408421784,-0.00473146084384346
2025-04-21 03:15:00,181692.2849417069,0.0,0.0,0.008776530444933206
2025-04-21 03:30:00,181231.23159490834,461.0533467985515,0.25375504906357094,-0.0025375504906357538
2025-04-21 03:45:00,180967.7725395949,724.5124021119846,0.39875793424274064,-0.0014537177339406515
2025-04-21 04:00:00,182219.2030523338,0.0,0.0,0.00691521200254086
2025-04-21 04:15:00,181231.23159490834,987.9714574254467,0.5421884416549111,-0.0054218844165491165
2025-04-21 04:30:00,180374.98966513967,1844.2133871941187,1.0120850910891406,-0.004724582635307395
2025-04-21 04:45:00,181692.2849417069,526.9181106268952,0.2891671688826139,0.007303092734822769
2025-04-21 05:00:00,183009.58021827412,0.0,0.0,0.007250144258958757
2025-04-21 05:15:00,207585.5244342126,0.0,0.0,0.13428774704923607
2025-04-21 05:30:00,207749.0667453423,0.0,0.0,0.0007878309991771193
2025-04-21 05:45:00,208076.15136760176,0.0,0.0,0.0015744216201962757
2025-04-21 06:00:00,247838.88981749417,0.0,0.0,0.19109704878981915
2025-04-21 06:15:00,248622.06631810204,0.0,0.0,0.003160022630768644
2025-04-21 06:30:00,245978.84562855054,2643.2206895514973,1.0631480659361916,-0.010631480659361925
2025-04-21 06:45:00,246468.3309414305,2153.7353766715387,0.8662687944665057,0.0019899488170584956
2025-04-21 07:00:00,243727.21318930303,4894.8531287990045,1.9687927146966249,-0.011121581996588636
2025-04-21 07:15:00,238930.25712307997,9691.80919502207,3.898209575099334,-0.019681659686057618
2025-04-21 07:30:00,292841.3457966831,0.0,0.0,0.2256352515697999
2025-04-21 07:45:00,297313.5101736057,0.0,0.0,0.01527162895920986
2025-04-21 08:00:00,304308.43394263857,0.0,0.0,0.023527096918496637
2025-04-21 08:15:00,304881.78834993625,0.0,0.0,0.0018841226313357495
2025-04-21 08:30:00,306257.8389274509,0.0,0.0,0.004513390533957384
2025-04-21 08:45:00,353548.76249572943,0.0,0.0,0.15441538977058245
2025-04-21 09:00:00,359851.15716474183,0.0,0.0,0.01782609738052332
2025-04-21 09:15:00,368071.67195041035,0.0,0.0,0.022844208284441114
2025-04-21 09:30:00,374374.0666194229,0.0,0.0,0.017122737633179508
2025-04-21 09:45:00,369030.7320087384,5343.334610684542,1.4272715679626415,-0.014272715679626402
2025-04-21 10:00:00,367934.6633706492,6439.403248773713,1.7200452229293464,-0.0029701283470972006
2025-04-21 10:15:00,365468.50893494865,8905.557684474275,2.378785946604413,-0.00670269665029144
2025-04-21 10:30:00,365742.52609447105,8631.54052495188,2.3055925328627094,0.0007497695501068602
2025-04-21 10:45:00,426890.822782625,0.0,0.0,0.16718946342148722
2025-04-21 11:00:00,430738.6227368978,0.0,0.0,0.009013545733289607
2025-04-21 11:15:00,424381.3880298382,6357.2347070595715,1.4758914969514294,-0.014758914969514314
2025-04-21 11:30:00,432244.2835885698,0.0,0.0,0.018527899150418747
2025-04-21 11:45:00,435255.60529191385,0.0,0.0,0.006966712615245063
2025-04-21 12:00:00,440943.65739823016,0.0,0.0,0.013068302940065557
2025-04-21 12:15:00,439772.5878469297,1171.0695513004903,0.26558258218529274,-0.002655825821852975
2025-04-21 12:30:00,438266.92699525785,2676.7304029723164,0.6070459021377592,-0.0034237260194941443
2025-04-21 12:45:00,436593.97049340006,4349.686904830101,0.9864495909738785,-0.003817209099777452
2025-04-21 13:00:00,514775.4644828078,0.0,0.0,0.17907140105726582
2025-04-21 13:15:00,516375.7139510302,0.0,0.0,0.0031086358589957896
2025-04-21 13:30:00,516175.6827675022,200.0311835280154,0.038737527370813776,-0.00038737527370813485
2025-04-21 13:45:00,518776.0881533638,0.0,0.0,0.0050378300890103755
2025-04-21 14:00:00,510774.84081225184,8001.247341111943,1.5423315615014555,-0.015423315615014532
2025-04-21 14:15:00,510174.74726166826,8601.340891695523,1.6580064286141,-0.0011748690472485057
2025-04-21 14:30:00,495972.5332311946,22803.55492216919,4.395644950279178,-0.027837940052311883
2025-04-21 14:45:00,494572.3149465001,24203.77320686367,4.665552973541911,-0.002823177073077554
2025-04-21 15:00:00,496172.5644147224,22603.52373864141,4.357086661241644,0.0032356228196788184
2025-04-21 15:15:00,488371.3482571384,30404.739896225394,5.860859933705533,-0.015722788233537677
2025-04-21 15:30:00,584291.9207484204,0.0,0.0,0.19640909081500357
2025-04-21 15:45:00,584291.9207484204,0.0,0.0,0.0
2025-04-21 16:00:00,581789.757895357,2502.1628530634334,0.4282384822056771,-0.004282384822056784
2025-04-21 16:15:00,587070.7243599581,0.0,0.0,0.009077104560426097
2025-04-21 16:30:00,570127.6236193632,16943.100740594906,2.8860408188582007,-0.028860408188582043
2025-04-21 16:45:00,556045.0463804274,31025.67797953065,5.28482799297406,-0.024700745334061858
2025-04-21 17:00:00,661299.4727996921,0.0,0.0,0.1892911862166884
2025-04-21 17:15:00,659950.9860557567,1348.4867439353839,0.2039146860689909,-0.0020391468606899554
2025-04-21 17:30:00,662233.1096999855,0.0,0.0,0.0034580199021567726
2025-04-21 17:45:00,667811.6341636557,0.0,0.0,0.008423807843430664
2025-04-21 18:00:00,683025.7917918472,0.0,0.0,0.022782109280329088
2025-04-21 18:15:00,679982.960266209,3042.831525638234,0.4454929172814516,-0.004454929172814537
2025-04-21 18:30:00,680743.6681476184,2282.123644228792,0.33411968796110575,0.0011187160941674712
2025-04-21 18:45:00,689365.0241369271,0.0,0.0,0.012664614292731358
2025-04-21 19:00:00,692914.9942501717,0.0,0.0,0.005149623187931773
2025-04-21 19:15:00,795008.1656008292,0.0,0.0,0.14733866664429196
2025-04-21 19:30:00,794391.5331718861,616.6324289430631,0.07756303087491458,-0.0007756303087491645
2025-04-21 19:45:00,774350.9792312323,20657.186369596864,2.5983615343101727,-0.025227552288523136
2025-04-21 20:00:00,774659.2954457043,20348.870155124925,2.5595800188726643,0.00039816081175225726
2025-04-21 20:15:00,781133.9359496076,13874.22965122154,1.7451681946859074,0.008358049199136186
2025-04-21 20:30:00,800557.8574613179,0.0,0.0,0.024866313723903133
2025-04-21 20:45:00,784525.4143087951,16032.443152522785,2.0026588963056247,-0.020026588963056202
2025-04-21 21:00:00,795316.4818153008,5241.375646017143,0.6547154084076179,0.013754898579051211
2025-04-21 21:15:00,940161.9074591489,0.0,0.0,0.18212300254766522
2025-04-21 21:30:00,934662.3521031549,5499.555355994031,0.5849583260458776,-0.005849583260458813
2025-04-21 21:45:00,933929.0780556891,6232.829403459793,0.6629527695186498,-0.0007845336295141392
2025-04-21 22:00:00,936128.9001980867,4033.0072610621573,0.4289694391002963,0.0023554488173527233
2025-04-21 22:15:00,939795.270435416,366.63702373288106,0.03899722173638607,0.003916522859783056
2025-04-21 22:30:00,931362.6188895585,8799.288569590426,0.9359333216734017,-0.008972860165544994
2025-04-21 22:45:00,923296.6043674343,16865.303091714624,1.7938721998739817,-0.008660444770417275
2025-04-21 23:00:00,1110844.8295518018,0.0,0.0,0.20312890169552822
2025-04-21 23:15:00,1128929.7240448145,0.0,0.0,0.016280306674613998
2025-04-21 23:30:00,1115581.349538067,13348.374506747583,1.1823919790969823,-0.011823919790969861
2025-04-21 23:45:00,1103524.7532093916,25404.970835422864,2.250358927958777,-0.010807455981285075
2025-04-22 00:00:00,1072522.0769356552,56407.64710915927,4.996559653603389,-0.02809422822965324
2025-04-22 00:15:00,1081995.1169081856,46934.60713662882,4.15744276521199,0.008832489490189444
2025-04-22 00:30:00,1263362.0531099043,0.0,0.0,0.16762269382506734
2025-04-22 00:45:00,1260447.5658324743,2914.4872774300165,0.23069295696001685,-0.0023069295696002134
2025-04-22 01:00:00,1298817.1299056378,0.0,0.0,0.030441221922485884
2025-04-22 01:15:00,1298325.2124175203,491.9174881174695,0.037874268577995154,-0.00037874268577997583
2025-04-22 01:30:00,1277664.6779165862,21152.451989051653,1.6285935488538275,-0.015913219818371793
2025-04-22 01:45:00,1524458.3361738878,0.0,0.0,0.19315996013894177
2025-04-22 02:00:00,1542665.075796698,0.0,0.0,0.011943087712390943
2025-04-22 02:15:00,1555585.9877870793,0.0,0.0,0.00837570785331243
2025-04-22 02:30:00,1594348.7237582235,0.0,0.0,0.024918414202410366
2025-04-22 02:45:00,1566744.9572333181,27603.76652490534,1.7313506206996745,-0.017313506206996787
2025-04-22 03:00:00,1592586.7812140808,1761.9425441427156,0.11051174174677655,0.016493957016715743
2025-04-22 03:15:00,1593761.4095768426,587.3141813809052,0.036837247248925516,0.0007375600354200262
2025-04-22 03:30:00,1579665.8692236994,14682.854534524027,0.9209311812232255,-0.008844197298569001
2025-04-22 03:45:00,1578491.2408609376,15857.482897285838,0.9946056757210765,-0.0007435929240776629
2025-04-22 04:00:00,1574380.0415912706,19968.682166952873,1.2524664064635989,-0.0026045119309149323
2025-04-22 04:15:00,1546188.9608849837,48159.762873239815,3.0206542744122427,-0.01790614715732386
2025-04-22 04:30:00,1542665.075796698,51683.64796152548,3.2416777579058103,-0.0022790778989061344
2025-04-22 04:45:00,1585539.0110375092,8809.712720714277,0.5525587087339265,0.02779212151326438
2025-04-22 05:00:00,1629587.574641082,0.0,0.0,0.027781444226181007
2025-04-22 05:15:00,1643683.1149942258,0.0,0.0,0.008649759345549901
2025-04-22 05:30:00,1856438.135007577,0.0,0.0,0.12943797869098295
2025-04-22 05:45:00,1857905.6002274693,0.0,0.0,0.0007904735375878769
2025-04-22 06:00:00,1865242.9263269322,0.0,0.0,0.003949245913551502
2025-04-22 06:15:00,1796272.0609919836,68970.86533494852,3.6976880792019466,-0.03697688079201944
2025-04-22 06:30:00,1780863.6761831124,84379.25014381972,4.523767330938537,-0.008577979440576478
2025-04-22 06:45:00,1805076.8523113388,60166.07401559339,3.2256427924953153,0.013596310853013716
2025-04-22 07:00:00,1810946.713190909,54296.21313602314,2.9109459346908855,0.00325186203127803
2025-04-22 07:15:00,1855704.402397631,9538.523929301184,0.511382393932173,0.024715077964860832
2025-04-22 07:30:00,1901929.5568242453,0.0,0.0,0.024909761687739618
2025-04-22 07:45:00,1973835.352598979,0.0,0.0,0.03780676077972034
2025-04-22 08:00:00,1951823.3743005912,22011.978298387723,1.1151881675137805,-0.01115188167513781
2025-04-22 08:15:00,1948154.7112508602,25680.64134811866,1.301052862099393,-0.0018796081131293718
2025-04-22 08:30:00,2250409.769205477,0.0,0.0,0.15514941200976118
2025-04-22 08:45:00,2291548.525294828,0.0,0.0,0.018280562345708073
2025-04-22 09:00:00,2334437.8667496834,0.0,0.0,0.018716313873099022
2025-04-22 09:15:00,2266165.037495016,68272.82925466727,2.9245939772955207,-0.0292459397729552
2025-04-22 09:30:00,2274042.671639785,60395.195109898224,2.5871408260691253,0.0034761961350691095
2025-04-22 09:45:00,2293299.1106603323,41138.75608935114,1.7622553452934695,0.008467932137201872
2025-04-22 10:00:00,2240781.5496952035,93656.31705447985,4.011943020136179,-0.02290044099393851
2025-04-22 10:15:00,2235529.7935986915,98908.07315099193,4.236911787620416,-0.002343716234733617
2025-04-22 10:30:00,2635646.258523688,0.0,0.0,0.17898060051389453
2025-04-22 10:45:00,2583870.6009118683,51775.657611819915,1.9644387953951439,-0.019644387953951403
2025-04-22 11:00:00,2613311.661122511,22334.597401177045,0.8474049705626044,0.011394169739093352
2025-04-22 11:15:00,2604174.780367484,31471.478156204335,1.1940706403382275,-0.003496284385423265
2025-04-22 11:30:00,3150411.703630935,0.0,0.0,0.20975432500977131
2025-04-22 11:45:00,3126086.8953435663,24324.80828736862,0.7721152209831376,-0.007721152209831383
2025-04-22 12:00:00,3132168.097415409,18243.606215525884,0.5790864157373347,0.0019453080721782978
2025-04-22 12:15:00,3065274.8746251455,85136.82900578948,2.702403273440959,-0.021356843154574756
2025-04-22 12:30:00,3062842.3937964085,87569.30983452639,2.7796147955392745,-0.0007935604238541449
2025-04-22 12:45:00,3053112.470481461,97299.23314947402,3.088460883932535,-0.0031767626485302847
2025-04-22 13:00:00,3072572.317111356,77839.38651957875,2.4707687071460134,0.0063737732618891485
2025-04-22 13:15:00,3113924.4911998822,36487.2124310527,1.158172831474699,0.013458486837960804
2025-04-22 13:30:00,3003246.6134923557,147165.09013857925,4.671297086947954,-0.035542890657852544
2025-04-22 13:45:00,3582079.7339918823,0.0,0.0,0.19273579395680218
2025-04-22 14:00:00,3573105.745594857,8973.988397025503,0.25052452941980885,-0.002505245294198044
2025-04-22 14:15:00,4064345.4903901075,0.0,0.0,0.13748256552465077
2025-04-22 14:30:00,4047688.5739001366,16656.91648997087,0.40983023046035616,-0.004098302304603507
2025-04-22 14:45:00,4065584.313350515,0.0,0.0,0.004421224391068845
2025-04-22 15:00:00,3973122.992856891,92461.32049362408,2.274244324241432,-0.022742443242414367
2025-04-22 15:15:00,3941805.4488187274,123778.86453178758,3.0445528856780584,-0.007882349500498265
2025-04-22 15:30:00,4089445.2992843543,0.0,0.0,0.03745488010065823
2025-04-22 15:45:00,4692585.207841255,0.0,0.0,0.1474869730284567
2025-04-22 16:00:00,4494770.030720014,197815.17712124065,4.215483967999,-0.04215483967999001
2025-04-22 16:15:00,4487948.817715835,204636.39012541994,4.360845484136867,-0.0015175888771969959
2025-04-22 16:30:00,5333174.926146825,0.0,0.0,0.18833238585398404
2025-04-22 16:45:00,5333174.926146825,0.0,0.0,0.0
2025-04-22 17:00:00,5311555.12206309,21619.80408373475,0.4053833670022686,-0.004053833670022655
2025-04-22 17:15:00,5253133.434208059,80041.49193876609,1.500822550303922,-0.010998979867941072
2025-04-22 17:30:00,5301818.174087251,31356.75205957424,0.5879565642192284,0.009267752378449012
2025-04-22 17:45:00,6321255.224700861,0.0,0.0,0.19228065111627757
2025-04-22 18:00:00,6356133.663964958,0.0,0.0,0.005517644522215592
2025-04-22 18:15:00,6272425.409731124,83708.25423383433,1.316968123379852,-0.01316968123379847
2025-04-22 18:30:00,6232896.5118984785,123237.15206647944,1.9388697371981327,-0.006302011622381309
2025-04-22 18:45:00,6244522.658319844,111611.005645114,1.755957497839827,0.0018652878961125108
2025-04-22 19:00:00,6228246.0533299325,127887.61063502543,2.0120346329414525,-0.002606541104983484
2025-04-22 19:15:00,6332881.371122226,23252.29284273181,0.3658244787166264,0.016800125893605466
2025-04-22 19:30:00,6481696.045315713,0.0,0.0,0.023498730747125274
2025-04-22 19:45:00,6404963.478934695,76732.56638101768,1.183834691484367,-0.011838346914843645
2025-04-22 20:00:00,6337531.829690772,144164.21562494058,2.22417426884939,-0.010528030248056708
2025-04-22 20:15:00,6211969.448340019,269726.5969756935,4.161358309460121,-0.019812505045340267
2025-04-22 20:30:00,7420550.899988165,0.0,0.0,0.19455688919576164
2025-04-22 20:45:00,7409723.496544366,10827.403443799354,0.14591104608980748,-0.0014591104608980832
2025-04-22 21:00:00,7277087.8043578025,143463.09563036263,1.9333213606902342,-0.01790022154651516
2025-04-22 21:15:00,7512583.829260476,0.0,0.0,0.032361300458907394
2025-04-22 21:30:00,8931040.019706573,0.0,0.0,0.18881069718269328
2025-04-22 21:45:00,10131736.622343175,0.0,0.0,0.13444084899264075
2025-04-22 22:00:00,10090289.688972238,41446.93337093666,0.40908024868644083,-0.004090802486864442
2025-04-22 22:15:00,10054004.70296667,77731.91937650554,0.7672121993882665,-0.003596030156123753
2025-04-22 22:30:00,9937892.747748852,193843.87459432334,1.913234441634083,-0.011548826427697612
2025-04-22 22:45:00,9916121.756145509,215614.86619766615,2.1281136120551927,-0.0021907050273081152
2025-04-22 23:00:00,9858065.778536603,273670.84380657226,2.701124733178074,-0.005854706006703236
2025-04-22 23:15:00,9887093.767341053,244642.855002122,2.414619172616661,0.0029445927280837836
2025-04-22 23:30:00,9883465.268740498,248271.35360267758,2.4504323676868305,-0.0003669934447816381
2025-04-22 23:45:00,9872579.772938827,259156.84940434806,2.5578719528973766,-0.001101384535249883
2025-04-23 00:00:00,11781477.319984064,0.0,0.0,0.1933534689967873
2025-04-23 00:15:00,11977886.428287156,0.0,0.0,0.01667100847955094
2025-04-23 00:30:00,11915202.670318082,62683.75796907395,0.5233290392622112,-0.005233290392622103
2025-04-23 00:45:00,11915202.670318082,62683.75796907395,0.5233290392622112,0.0
2025-04-23 01:00:00,12333094.390111892,0.0,0.0,0.035072145338729266
2025-04-23 01:15:00,12533682.415612921,0.0,0.0,0.016264209058665102
2025-04-23 01:30:00,12328915.472913954,204766.9426989667,1.6337332948846162,-0.016337332948846206
2025-04-23 01:45:00,14248323.82292786,0.0,0.0,0.1556834706370367
2025-04-23 02:00:00,13859414.558914797,388909.26401306316,2.7295088801059193,-0.027295088801059242
2025-04-23 02:15:00,16177639.378221978,0.0,0.0,0.1672671532735146
2025-04-23 02:30:00,16177639.378221978,0.0,0.0,0.0
2025-04-23 02:45:00,16129022.170394095,48617.20782788284,0.30052102591265806,-0.0030052102591265895
2025-04-23 03:00:00,15712071.484230103,465567.89399187453,2.877848140307868,-0.025850958710276428
2025-04-23 03:15:00,15810822.962532103,366816.41568987444,2.2674285605826743,0.0062850705841757115
2025-04-23 03:30:00,15613320.005928105,564319.3722938728,3.4882677200330505,-0.012491630389640962
2025-04-23 03:45:00,18319829.84307281,0.0,0.0,0.17334620926984723
2025-04-23 04:00:00,18242359.039913926,77470.803158883,0.42287949081675924,-0.004228794908167632
2025-04-23 04:15:00,17653301.695276864,666528.1477959454,3.6382878744257363,-0.032290634306024635
2025-04-23 04:30:00,20740957.470997583,0.0,0.0,0.17490528565241825
2025-04-23 04:45:00,20740957.470997583,0.0,0.0,0.0
2025-04-23 05:00:00,20740957.470997583,0.0,0.0,0.0
2025-04-23 05:15:00,20740957.470997583,0.0,0.0,0.0
2025-04-23 05:30:00,20740957.470997583,0.0,0.0,0.0
2025-04-23 05:45:00,20740957.470997583,0.0,0.0,0.0
2025-04-23 06:00:00,20740957.470997583,0.0,0.0,0.0
2025-04-23 06:15:00,20740957.470997583,0.0,0.0,0.0
2025-04-23 06:30:00,20740957.470997583,0.0,0.0,0.0
2025-04-23 06:45:00,20740957.470997583,0.0,0.0,0.0
2025-04-23 07:00:00,20706244.37398818,34713.09700940177,0.16736496884457555,-0.0016736496884457441
2025-04-23 07:15:00,20400580.429247785,340377.04174979776,1.6410864456269798,-0.014761921052394267
2025-04-23 07:30:00,20471665.067559507,269292.4034380764,1.298360520793856,0.0034844419529265203
2025-04-23 07:45:00,20272628.08028669,468329.390710894,2.2579931103265922,-0.009722559773030937
2025-04-23 08:00:00,20350821.18242958,390136.28856800497,1.8809945930101775,0.003857077722395852
2025-04-23 08:15:00,20628051.27184529,112906.19915229455,0.5443634861610083,0.013622550506957598
2025-04-23 08:30:00,20158892.65898794,582064.8120096438,2.806354590059569,-0.02274371954357568
2025-04-23 08:45:00,20407688.893078957,333268.57791862637,1.606813853143671,0.012341760943902269
2025-04-23 09:00:00,20357929.64626075,383027.8247368336,1.8467220005268685,-0.002438259769585338
2025-04-23 09:15:00,20215760.36963731,525197.1013602726,2.532173850193099,-0.00698348403269744
2025-04-23 09:30:00,20180218.050481454,560739.4205161296,2.7035368126096424,-0.001758149013738719
2025-04-23 09:45:00,20151784.19515676,589173.2758408226,2.8406271825429137,-0.0014089964366869046
2025-04-23 10:00:00,20123350.339832075,617607.1311655082,2.9777175524761486,-0.001410984508831703
2025-04-23 10:15:00,23505193.6034534,0.0,0.0,0.1680556769380157
2025-04-23 10:30:00,23445963.394909613,59230.20854378864,0.2519877502097515,-0.0025198775020974784
2025-04-23 10:45:00,23319346.789207146,185846.8142462559,0.7906627674785505,-0.005400358414359596
2025-04-23 11:00:00,23153162.494222652,352031.1092307493,1.4976737276438712,-0.007126455834578049
2025-04-23 11:15:00,22804966.828540847,700226.7749125548,2.979030025133156,-0.015038795057422116
2025-04-23 11:30:00,22757485.601402424,747708.0020509772,3.181033156608944,-0.002082056400055765
2025-04-23 11:45:00,22986978.199238155,518215.40421524644,2.2046846878092077,0.010084268616282754
2025-04-23 12:00:00,22472598.238571856,1032595.3648815453,4.393051945463813,-0.022377015204344985
2025-04-23 12:15:00,22662523.147125572,842670.4563278295,3.5850394195605504,0.008451399635122314
2025-04-23 12:30:00,22551733.6171359,953459.9863175005,4.0563800596708015,-0.004888667041636263
2025-04-23 12:45:00,26673885.84149859,0.0,0.0,0.18278648969276934
2025-04-23 13:00:00,26770877.0533393,0.0,0.0,0.003636186059168489
2025-04-23 13:15:00,26770877.0533393,0.0,0.0,0.0
2025-04-23 13:30:00,25748060.63756456,1022816.4157747403,3.8206309555598144,-0.03820630955559812
2025-04-23 13:45:00,25933225.678351365,837651.3749879338,3.128965006708468,0.007191416992263333
2025-04-23 14:00:00,26647433.692814756,123443.36052454263,0.4611106325675825,0.027540269125086114
2025-04-23 14:15:00,25818599.70072144,952277.3526178598,3.5571391655211997,-0.031103707833479044
2025-04-23 14:30:00,30573469.56221601,0.0,0.0,0.18416451382379617
2025-04-23 14:45:00,31325345.456549484,0.0,0.0,0.024592429485421397
2025-04-23 15:00:00,31902126.964531317,0.0,0.0,0.018412614436507102
2025-04-23 15:15:00,37199245.023158096,0.0,0.0,0.16604278656768234
2025-04-23 15:30:00,37366328.052613854,0.0,0.0,0.004491570443210469
2025-04-23 15:45:00,38278858.4442569,0.0,0.0,0.024421195209712643
2025-04-23 16:00:00,37507706.00061489,771152.4436420128,2.01456489295519,-0.02014564892955195
2025-04-23 16:15:00,36865078.96424655,1413779.480010353,3.693368970417839,-0.017133200211119415
2025-04-23 16:30:00,44800845.96620311,0.0,0.0,0.21526515675317093
2025-04-23 16:45:00,43784833.25998671,1016012.7062163949,2.267842680878962,-0.02267842680878962
2025-04-23 17:00:00,43292221.03879089,1508624.9274122193,3.367402768577845,-0.011250750191756587
2025-04-23 17:15:00,50861089.908966914,0.0,0.0,0.17483207579934823
2025-04-23 17:30:00,50861089.908966914,0.0,0.0,0.0
2025-04-23 17:45:00,50766247.433126375,94842.47584053874,0.18647354197539093,-0.00186473541975396
2025-04-23 18:00:00,48809548.05842456,2051541.8505423516,4.033617553643223,-0.03854331319799331
2025-04-23 18:15:00,47899854.48948425,2961235.4194826633,5.822202050295803,-0.01863761507997197
2025-04-23 18:30:00,51933401.44610639,0.0,0.0,0.08420791669644112
2025-04-23 18:45:00,51469972.64683492,463428.7992714718,0.892352101666964,-0.0089235210166696
2025-04-23 19:00:00,52431158.30458316,0.0,0.0,0.018674687557024505
2025-04-23 19:15:00,53461000.08074201,0.0,0.0,0.019641789528590747
2025-04-23 19:30:00,52740110.83743082,720889.2433111891,1.3484395021088869,-0.01348439502108889
2025-04-23 19:45:00,54061741.11683468,0.0,0.0,0.02505930037723525
2025-04-23 20:00:00,53701296.49517908,360444.6216555983,0.6667277342707648,-0.006667277342707667
2025-04-23 20:15:00,53031899.34067583,1029841.7761588469,1.9049363836307467,-0.012465195408519425
2025-04-23 20:30:00,61360913.47590394,0.0,0.0,0.15705668171005338
2025-04-23 20:45:00,62479314.281093374,0.0,0.0,0.01822659966802198
2025-04-23 21:00:00,62015072.43742984,464241.843663536,0.7430328725679028,-0.0074303287256790584
2025-04-23 21:15:00,62289397.163231015,189917.1178623587,0.3039679933232379,0.004423516977714703
2025-04-23 21:30:00,60622346.90643921,1856967.3746541664,2.972131490271647,-0.02676298588061876
2025-04-23 21:45:00,61825155.31956748,654158.9615258947,1.0470008658911405,0.019841007062702642
2025-04-23 22:00:00,61930664.829491,548649.451602377,0.8781297584893657,0.0017065789706172119
2025-04-23 22:15:00,62247193.3592616,232120.92183177173,0.37151643628395736,0.005111014561882676
2025-04-23 22:30:00,64104160.733915776,0.0,0.0,0.029832146229254564
2025-04-23 22:45:00,63893141.71406871,211019.0198470652,0.3291814718906705,-0.003291814718906716
2025-04-23 23:00:00,65285867.24505932,0.0,0.0,0.02179773123730966
2025-04-23 23:15:00,63935345.51803812,1350521.7270212024,2.068627995630106,-0.020686279956301012
2025-04-23 23:30:00,74243346.74721399,0.0,0.0,0.16122539333532915
2025-04-23 23:45:00,74772379.7933884,0.0,0.0,0.007125662693731716
2025-04-24 00:00:00,74948724.1421132,0.0,0.0,0.00235841562368444
2025-04-24 00:15:00,77820617.82134576,0.0,0.0,0.03831811297797483
2025-04-24 00:30:00,75654101.53701241,2166516.2843333483,2.783987515117215,-0.027839875151172144
2025-04-24 00:45:00,76686975.57954343,1133642.2418023348,1.4567376532590095,0.0136525848770499
2025-04-24 01:00:00,77341968.874807,478648.94653876126,0.6150670091538011,0.008541128272612442
2025-04-24 01:15:00,77291584.77517135,529033.046174407,0.6798109048541839,-0.0006514457851105604
2025-04-24 01:30:00,75830445.88573724,1990171.935608521,2.557383880165788,-0.018904242857541775
2025-04-24 01:45:00,74747187.74357058,3073430.0777751803,3.9493776377243766,-0.014285266682975029
2025-04-24 02:00:00,74016618.29885352,3803999.522492245,4.888164125380188,-0.00977387199132329
2025-04-24 02:15:00,88063100.31466018,0.0,0.0,0.18977470652728035
2025-04-24 02:30:00,85507910.69067663,2555189.623983547,2.9015440233804437,-0.029015440233804424
2025-04-24 02:45:00,83428105.18278302,4634995.131877154,5.263265902876179,-0.02432296019273894
2025-04-24 03:00:00,100241383.1750169,0.0,0.0,0.20153014329400842
2025-04-24 03:15:00,100241383.1750169,0.0,0.0,0.0
2025-04-24 03:30:00,100072937.76476818,168445.4102487117,0.16803979046719025,-0.001680397904671893
2025-04-24 03:45:00,98402365.88838768,1839017.2866292149,1.8345888976994407,-0.016693542866777378
2025-04-24 04:00:00,113788617.73282577,0.0,0.0,0.15636058854407886
2025-04-24 04:15:00,113483588.64583483,305029.0869909376,0.26806643148363224,-0.0026806643148362674
2025-04-24 04:30:00,113483588.64583483,305029.0869909376,0.26806643148363224,0.0
2025-04-24 04:45:00,136650511.98529324,0.0,0.0,0.2041433798129073
2025-04-24 05:00:00,131743988.54863574,4906523.436657503,3.5905635225029813,-0.035905635225029764
2025-04-24 05:15:00,130410176.35226281,6240335.6330304295,4.566639043183413,-0.010124273684643526
2025-04-24 05:30:00,131077082.4504493,5573429.534843937,4.0786012828431755,0.005113911481762434
2025-04-24 05:45:00,132363258.49695171,4287253.488341525,3.137385602187084,0.009812364010990393
2025-04-24 06:00:00,130076723.30316962,6573788.682123616,4.810657923353488,-0.017274697070371325
2025-04-24 06:15:00,130648357.10161515,6002154.883678094,4.392339843061886,0.004394589469425725
2025-04-24 06:30:00,158110401.6885578,0.0,0.0,0.21019816242758682
2025-04-24 06:45:00,155505863.53689325,2604538.151664555,1.6472908321331785,-0.016472908321331747
2025-04-24 07:00:00,163210955.56890106,0.0,0.0,0.04954856271499897
2025-04-24 07:15:00,159792499.24484128,3418456.3240597844,2.0945017521306344,-0.020945017521306397
2025-04-24 07:30:00,157405005.93914866,5805949.629752398,3.557328372666356,-0.014941210112962788
2025-04-24 07:45:00,155614385.95987925,7596569.609021813,4.65444833806812,-0.011375876952488095
2025-04-24 08:00:00,155017512.63345614,8193442.935444921,5.020154993202023,-0.0038355922091739547
2025-04-24 08:15:00,153335415.07717273,9875540.491728336,6.050782839488543,-0.010851016299434413
2025-04-24 08:30:00,151056444.1944662,12154511.374434859,7.4471173409089655,-0.014862651798735027
2025-04-24 08:45:00,152087407.2128334,11123548.356067657,6.8154422093140345,0.006825018448335607
2025-04-24 09:00:00,155071773.84494913,8139181.723951936,4.98690893364441,0.019622707013075447
2025-04-24 09:15:00,153769504.76911685,9441450.799784213,5.784814363027496,-0.008397847290599558
2025-04-24 09:30:00,153823765.98060986,9387189.588291198,5.751568303469865,0.00035287368307845846
2025-04-24 09:45:00,151924623.5783544,11286331.990546674,6.91518038798691,-0.012346222250824823
2025-04-24 10:00:00,151653317.52088934,11557638.04801172,7.081410685775044,-0.0017857938435181797
2025-04-24 10:15:00,154095072.03807488,9115883.530826181,5.585338005681748,0.016100897475251008
2025-04-24 10:30:00,156591087.7667535,6619867.802147567,4.056019266030782,0.016197894557341108
2025-04-24 10:45:00,156319781.70928842,6891173.859612644,4.222249563818937,-0.0017325766193615477
2025-04-24 11:00:00,155614385.95987925,7596569.609021813,4.65444833806812,-0.004512517492642143
2025-04-24 11:15:00,160389372.57126442,2821582.997636646,1.7287950969967134,0.030684737673393858
2025-04-24 11:30:00,158273185.3230369,4937770.245864153,3.025391419744262,-0.01319406151605984
2025-04-24 11:45:00,188423163.5874055,0.0,0.0,0.1904932803546744
2025-04-24 12:00:00,188358394.752547,64768.83485850692,0.03437413618653209,-0.000343741361865324
2025-04-24 12:15:00,188293625.91768846,129537.66971704364,0.06874827237308,-0.0003438595606191086
2025-04-24 12:30:00,188617470.0919811,0.0,0.0,0.0017198892034413493
2025-04-24 12:45:00,224916973.02509657,0.0,0.0,0.19245037543666377
2025-04-24 13:00:00,226616318.02825534,0.0,0.0,0.007555432479384949
2025-04-24 13:15:00,227311504.6204567,0.0,0.0,0.0030676810842662494
2025-04-24 13:30:00,228470148.94079226,0.0,0.0,0.005097165329445819
2025-04-24 13:45:00,229242578.48768264,0.0,0.0,0.003380877328926557
2025-04-24 14:00:00,272325633.29353505,0.0,0.0,0.1879365303342515
2025-04-24 14:15:00,265593280.2272251,6732353.066309959,2.4721701680771533,-0.02472170168077159
2025-04-24 14:30:00,309122223.39214087,0.0,0.0,0.16389323979761494
2025-04-24 14:45:00,307850489.37136114,1271734.020779729,0.4114016801588719,-0.004114016801588738
2025-04-24 15:00:00,300394616.270546,8727607.121594846,2.823351561664763,-0.024219136750570747
2025-04-24 15:15:00,312957251.7691797,0.0,0.0,0.04182044157315823
2025-04-24 15:30:00,304786431.93267,8170819.836509705,2.6108421486702147,-0.026108421486702116
2025-04-24 15:45:00,304275755.69288814,8681496.076291561,2.7740197829621027,-0.0016755215661787837
2025-04-24 16:00:00,303152267.9653681,9804983.80381161,3.133010578404246,-0.00369233403089142
2025-04-24 16:15:00,301926644.9898915,11030606.779288173,3.5246369007048126,-0.004042928603841367
2025-04-24 16:30:00,349827592.255742,0.0,0.0,0.15865094406442393
2025-04-24 16:45:00,349827592.255742,0.0,0.0,0.0
2025-04-24 17:00:00,349827592.255742,0.0,0.0,0.0
2025-04-24 17:15:00,349827592.255742,0.0,0.0,0.0
2025-04-24 17:30:00,349827592.255742,0.0,0.0,0.0
2025-04-24 17:45:00,348496236.37067723,1331355.8850647807,0.3805748644582303,-0.003805748644582274
2025-04-24 18:00:00,332419266.16089815,17408326.094843864,4.976258728647533,-0.04613240698725607
2025-04-24 18:15:00,340746905.4062513,9080686.849490702,2.5957606119451695,0.025051614310833692
2025-04-24 18:30:00,340052935.4691386,9774656.786603391,2.794135455003679,-0.0020366140560699186
2025-04-24 18:45:00,332997574.4418254,16830017.813916624,4.810946359432109,-0.02074783156210558
2025-04-24 19:00:00,338780657.2510984,11046935.004643619,3.1578226672776974,0.017366741541486208
2025-04-24 19:15:00,333575882.72275275,16251709.532989264,4.645633990216651,-0.015363257662281304
2025-04-24 19:30:00,397521778.9457542,0.0,0.0,0.1916981998250431
2025-04-24 19:45:00,406950948.6331284,0.0,0.0,0.02371988199585151
2025-04-24 20:00:00,401138446.7710483,5812501.862080097,1.4283052740393396,-0.014283052740393432
2025-04-24 20:15:00,395455111.6170145,11495837.016113877,2.8248704308777826,-0.014168014060436218
2025-04-24 20:30:00,402300947.1434643,4650001.489664078,1.1426442192314719,0.017311283443668835
2025-04-24 20:45:00,405142614.7204812,1808333.9126471877,0.4443616408122504,0.007063536880025145
2025-04-24 21:00:00,406950948.6331284,0.0,0.0,0.004463450268974656
2025-04-24 21:15:00,475374461.43545914,0.0,0.0,0.168137002830814
2025-04-24 21:30:00,469801217.13302433,5573244.302434802,1.1723903479386792,-0.011723903479386788
2025-04-24 21:45:00,467479032.0070097,7895429.428449452,1.6608863262464937,-0.0049429099826217016
2025-04-24 22:00:00,470110841.8164929,5263619.618966222,1.1072575508309792,0.005629792203051709
2025-04-24 22:15:00,459273977.8950917,16100483.540367424,3.3869054496006754,-0.023051720908047857
2025-04-24 22:30:00,539565361.521316,0.0,0.0,0.17482240991359776
2025-04-24 22:45:00,539565361.521316,0.0,0.0,0.0
2025-04-24 23:00:00,539565361.521316,0.0,0.0,0.0
2025-04-24 23:15:00,539565361.521316,0.0,0.0,0.0
2025-04-24 23:30:00,539565361.521316,0.0,0.0,0.0
2025-04-24 23:45:00,539565361.521316,0.0,0.0,0.0
2025-04-25 00:00:00,539565361.521316,0.0,0.0,0.0
2025-04-25 00:15:00,538565783.5567007,999577.964615345,0.1852561405715544,-0.001852561405715547
2025-04-25 00:30:00,538041224.6488447,1524136.8724713326,0.28247492911220173,-0.0009739922658876798
2025-04-25 00:45:00,532445929.6317126,7119431.889603436,1.3194753402127308,-0.010399379751586668
2025-04-25 01:00:00,544510784.5124032,0.0,0.0,0.022659305310185784
2025-04-25 01:15:00,637793545.0035229,0.0,0.0,0.1713148079787845
2025-04-25 01:30:00,631963303.1375351,5830241.865987778,0.9141268223333264,-0.009141268223333276
2025-04-25 01:45:00,650495143.3544245,0.0,0.0,0.029324234690342843
2025-04-25 02:00:00,658199391.5344795,0.0,0.0,0.011843667487394738
2025-04-25 02:15:00,667985868.9523873,0.0,0.0,0.014868560414637244
2025-04-25 02:30:00,678397015.141651,0.0,0.0,0.015585877895278877
2025-04-25 02:45:00,773582161.8187155,0.0,0.0,0.1403089113786704
2025-04-25 03:00:00,786752524.5162982,0.0,0.0,0.017025163386160225
2025-04-25 03:15:00,782104161.2112689,4648363.305029273,0.5908291565873429,-0.005908291565873469
2025-04-25 03:30:00,781845918.805434,4906605.710864186,0.6236529986199673,-0.0003301892748338586
2025-04-25 03:45:00,791142645.4154925,0.0,0.0,0.011890740088869256
2025-04-25 04:00:00,802763553.6780653,0.0,0.0,0.014688764826309875
2025-04-25 04:15:00,793466827.0680071,9296726.610058188,1.158090270474148,-0.011580902704741436
2025-04-25 04:30:00,796823978.3438615,5939575.334203839,0.7398910061362608,0.004230991342460522
2025-04-25 04:45:00,801214099.2430558,1549454.4350094795,0.19301504507899744,0.005509524083749273
2025-04-25 05:00:00,810510825.853114,0.0,0.0,0.011603298817184138
2025-04-25 05:15:00,822389976.521522,0.0,0.0,0.014656375077907846
2025-04-25 05:30:00,833494399.9724251,0.0,0.0,0.01350262499291599
2025-04-25 05:45:00,834010884.7840949,0.0,0.0,0.0006196620057519198
2025-04-25 06:00:00,949532643.0144068,0.0,0.0,0.13851348985717093
2025-04-25 06:15:00,959921419.0568053,0.0,0.0,0.010940936174050897
2025-04-25 06:30:00,955949239.9817706,3972179.0750346184,0.41380252551688884,-0.004138025255168931
2025-04-25 06:45:00,946782672.8855366,13138746.171268702,1.3687314305558995,-0.009588968443982271
2025-04-25 07:00:00,1079589213.8364906,0.0,0.0,0.14027141048768432
2025-04-25 07:15:00,1076363905.7492008,3225308.08728981,0.2987532707767771,-0.0029875327077677483
2025-04-25 07:30:00,1045420597.6934185,34168616.14307213,3.164964572186541,-0.02874799860019861
2025-04-25 07:45:00,1067522960.5904061,12066253.24608457,1.1176707854652639,0.021142077117815905
2025-04-25 08:00:00,1256927631.3012311,0.0,0.0,0.1774244467829269
2025-04-25 08:15:00,1247498495.9725535,9429135.328677654,0.750173287137953,-0.007501732871379563
2025-04-25 08:30:00,1250641541.0821128,6286090.219118357,0.500115524758629,0.0025194780752892942
2025-04-25 08:45:00,1241605286.3921294,15322344.909101725,1.219031591599216,-0.007225295492875428
2025-04-25 09:00:00,1251034421.7208076,5893209.5804235935,0.4688583044612253,0.007594309908326435
2025-04-25 09:15:00,1212139238.4900115,44788392.81121969,3.5633231139053425,-0.03109041810160229
2025-04-25 09:30:00,1228247344.6765027,28680286.62472844,2.281777081711319,0.013288989973262
2025-04-25 09:45:00,1482054821.358137,0.0,0.0,0.20664199094888525
2025-04-25 10:00:00,1562356065.1527677,0.0,0.0,0.05418237074458809
2025-04-25 10:15:00,1552084975.830198,10271089.322569609,0.6574102761629628,-0.006574102761629619
2025-04-25 10:30:00,1576828963.7436602,0.0,0.0,0.015942418294608407
2025-04-25 10:45:00,1566557874.4210913,10271089.322568893,0.6513762468050802,-0.006513762468050799
2025-04-25 11:00:00,1550684372.740757,26144591.002903223,1.6580486282311506,-0.010132725984477453
2025-04-25 11:15:00,1792275632.2447484,0.0,0.0,0.15579653974134722
2025-04-25 11:30:00,1796826611.875967,0.0,0.0,0.0025392186052983767
2025-04-25 11:45:00,1797964356.7837715,0.0,0.0,0.0006331968261625853
2025-04-25 12:00:00,1816737147.7625475,0.0,0.0,0.010441136337294932
2025-04-25 12:15:00,2123836319.1338596,0.0,0.0,0.16903885724444434
2025-04-25 12:30:00,2115717319.124905,8119000.008954525,0.38227993069944327,-0.0038227993069944732
2025-04-25 12:45:00,2177962985.860224,0.0,0.0,0.029420597058336995
2025-04-25 13:00:00,2182022485.8647017,0.0,0.0,0.0018638976102134386
2025-04-25 13:15:00,2202996569.2211676,0.0,0.0,0.009612221456166248
2025-04-25 13:30:00,2156988902.503758,46007666.71740961,2.0884129989215032,-0.020884129989215072
2025-04-25 13:45:00,2173226902.521667,29769666.69950056,1.3513260581256885,0.007528086954485813
2025-04-25 14:00:00,2137367985.8154507,65628583.405716896,2.9790597190498023,-0.016500309592435092
2025-04-25 14:15:00,2201643402.553008,1353166.6681594849,0.06142391173300257,0.030072227695052245
2025-04-25 14:30:00,2169167402.51719,33829166.703977585,1.5355977933246314,-0.014750799333879017
2025-04-25 14:45:00,2124512902.4679391,78483666.75322843,3.562586880513164,-0.020586009174502595
2025-04-25 15:00:00,2127895819.1383374,75100750.08283019,3.40902710118068,0.0015923257827563653
2025-04-25 15:15:00,2140750902.485849,62245666.73531866,2.8254999397173175,0.0060412183866769276
2025-04-25 15:30:00,2233442819.254747,0.0,0.0,0.0432987867300505
2025-04-25 15:45:00,2259829569.2838497,0.0,0.0,0.011814383516613791
2025-04-25 16:00:00,2581316436.5723457,0.0,0.0,0.14226155443676958
2025-04-25 16:15:00,2588907932.6218476,0.0,0.0,0.002940939724376701
2025-04-25 16:30:00,2629395911.552524,0.0,0.0,0.015639018452723974
2025-04-25 16:45:00,2615899918.5756316,13495992.976892471,0.5132735210242179,-0.005132735210242156
2025-04-25 17:00:00,2644578903.651527,0.0,0.0,0.010963334213302423
2025-04-25 17:15:00,2653013899.2620845,0.0,0.0,0.0031895420472842773
2025-04-25 17:30:00,2552637451.4964504,100376447.76563406,3.783487443980335,-0.03783487443980338
2025-04-25 17:45:00,3031741487.054195,0.0,0.0,0.1876898089373702
2025-04-25 18:00:00,2994848500.9455338,36892986.108661175,1.216890894761229,-0.012168908947612245
2025-04-25 18:15:00,3503843903.1387386,0.0,0.0,0.16995697846902935
2025-04-25 18:30:00,3468550367.2191296,35293535.91960907,1.0072804866676044,-0.010072804866676055
2025-04-25 18:45:00,3387716784.9516377,116127118.18710089,3.314277730325668,-0.023304716296306593
2025-04-25 19:00:00,3372916269.888576,130927633.2501626,3.736685676347562,-0.004368876149507539
2025-04-25 19:15:00,4088000903.8504763,0.0,0.0,0.2120078225320201
2025-04-25 19:30:00,4109493402.9612546,0.0,0.0,0.005257459481120552
2025-04-25 19:45:00,4088000903.8504763,21492499.11077833,0.5229963161710172,-0.005229963161710205
2025-04-25 20:00:00,4006060750.99063,103432651.97062445,2.5169197715731104,-0.0200440642717733
2025-04-25 20:15:00,4039642780.851222,69850622.11003256,1.699738027555878,0.008382805940296167
2025-04-25 20:30:00,4051732311.6010356,57761091.360219,1.405552599709663,0.0029927227246726584
2025-04-25 20:45:00,4042329343.2400694,67164059.7211852,1.6343634880344995,-0.0023207279350719867
2025-04-25 21:00:00,4036956218.462375,72537184.49887943,1.7651125670772447,-0.0013292149949829524
2025-04-25 21:15:00,4911305247.969713,0.0,0.0,0.21658620559436392
2025-04-25 21:30:00,4893532990.895629,17772257.074084282,0.36186423316757116,-0.0036186423316757477
2025-04-25 21:45:00,4798209066.589176,113096181.38053703,2.302772392884558,-0.01947957119811028
2025-04-25 22:00:00,4896764310.363644,14540937.606069565,0.29607073622802516,0.02054000615786533
2025-04-25 22:15:00,4911305247.969713,0.0,0.0,0.002969499180365931
2025-04-25 22:30:00,4967853338.659981,0.0,0.0,0.011513861964422611
2025-04-25 22:45:00,4972700317.862005,0.0,0.0,0.000975668738910862
2025-04-25 23:00:00,4980778616.5320425,0.0,0.0,0.0016245295621415412
2025-04-25 23:15:00,4954928060.787919,25850555.74412346,0.5190063187775725,-0.005190063187775706
2025-04-25 23:30:00,4920999206.373758,59779410.15828419,1.2002021121731101,-0.006847496875416859
2025-04-25 23:45:00,4919383546.6397505,61395069.89229202,1.2326400070967107,-0.0003283194461635164
2025-04-26 00:00:00,4959775039.9899435,21003576.542099,0.42169263400675133,0.008210681880615578
2025-04-26 00:15:00,5876033975.411992,0.0,0.0,0.18473800283972275
2025-04-26 00:30:00,5788890098.95839,87143876.45360184,1.4830390160821327,-0.014830390160821327
2025-04-26 00:45:00,5707555814.268363,168478161.14362907,2.867208764425437,-0.014050065435628478
2025-04-26 01:00:00,6816156377.961892,0.0,0.0,0.19423385416961314
2025-04-26 01:15:00,6917827554.671524,0.0,0.0,0.014916203659639748
2025-04-26 01:30:00,7019498731.381157,0.0,0.0,0.01469698050524193
2025-04-26 01:45:00,7174215739.417549,0.0,0.0,0.02204103369158239
2025-04-26 02:00:00,7194107926.165087,0.0,0.0,0.002772733281248163
2025-04-26 02:15:00,7304620074.762512,0.0,0.0,0.015361480496489444
2025-04-26 02:30:00,7490280484.406188,0.0,0.0,0.025416846837131635
2025-04-26 02:45:00,8374796334.234088,0.0,0.0,0.11808848168895003
2025-04-26 03:00:00,8238757762.4958105,136038571.73827744,1.624380657260709,-0.016243806572607045
2025-04-26 03:15:00,8550076801.666101,0.0,0.0,0.03778713346658491
2025-04-26 03:30:00,8591934823.739416,0.0,0.0,0.0048956311205483605
2025-04-26 03:45:00,8599783202.878166,0.0,0.0,0.0009134588773958008
2025-04-26 04:00:00,8565773559.943594,34009642.93457222,0.3954709337694689,-0.003954709337694706
2025-04-26 04:15:00,8657337983.228975,0.0,0.0,0.010689568507106895
2025-04-26 04:30:00,8646873477.710648,10464505.518327713,0.12087440202288036,-0.001208744020228858
2025-04-26 04:45:00,10131357054.020708,0.0,0.0,0.17167865126472193
2025-04-26 05:00:00,10237123489.14912,0.0,0.0,0.010439513143645218
2025-04-26 05:15:00,10403785750.563591,0.0,0.0,0.016280184720944835
2025-04-26 05:30:00,10769160708.27993,0.0,0.0,0.03511942349413966
2025-04-26 05:45:00,10762750621.302452,6410086.977478027,0.0595226234533727,-0.0005952262345336745
2025-04-26 06:00:00,12216366289.075184,0.0,0.0,0.1350598670283807
2025-04-26 06:15:00,12254643507.965916,0.0,0.0,0.003133273674428283
2025-04-26 06:30:00,12189572235.851673,65071272.11424255,0.5309927789571693,-0.005309927789571733
2025-04-26 06:45:00,11841249543.946014,413393964.0199013,3.3733658898456067,-0.02857546476333106
2025-04-26 07:00:00,13866196235.412127,0.0,0.0,0.1710078555435386
2025-04-26 07:15:00,13842602292.425667,23593942.986459732,0.17015439985051156,-0.001701543998505084
2025-04-26 07:30:00,14121183294.241976,0.0,0.0,0.02012490107938314
2025-04-26 07:45:00,13644218851.738295,476964442.5036812,3.3776520888172823,-0.033776520888172845
2025-04-26 08:00:00,14070532203.002644,50651091.2393322,0.35868871739654834,0.031244980448993376
2025-04-26 08:15:00,13935462626.364435,185720667.8775406,1.3151919637872675,-0.009599464660575152
2025-04-26 08:30:00,13568242214.879307,552941079.362669,3.9156851649120306,-0.026351504885843258
2025-04-26 08:45:00,15913121174.758911,0.0,0.0,0.17282113060364934
2025-04-26 09:00:00,15606868717.60239,306252457.15652084,1.9245279024349582,-0.019245279024349582
2025-04-26 09:15:00,18063596527.539257,0.0,0.0,0.15741324248893163
2025-04-26 09:30:00,18063596527.539257,0.0,0.0,0.0
2025-04-26 09:45:00,18063596527.539257,0.0,0.0,0.0
2025-04-26 10:00:00,18063596527.539257,0.0,0.0,0.0
2025-04-26 10:15:00,18014880024.746044,48716502.79321289,0.2696943696618836,-0.002696943696618881
2025-04-26 10:30:00,17412863545.070827,650732982.4684296,3.6024552556648404,-0.03341773460873787
2025-04-26 10:45:00,17526758554.739113,536837972.8001442,2.9719329258804907,0.006540854660319617
2025-04-26 11:00:00,17288121391.624615,775475135.9146423,4.293027331142913,-0.01361559026269421
2025-04-26 11:15:00,20439381512.92037,0.0,0.0,0.18227892145773628
2025-04-26 11:30:00,20439381512.92037,0.0,0.0,0.0
2025-04-26 11:45:00,20439381512.92037,0.0,0.0,0.0
2025-04-26 12:00:00,20439381512.92037,0.0,0.0,0.0
2025-04-26 12:15:00,20439381512.92037,0.0,0.0,0.0
2025-04-26 12:30:00,20368208918.050556,71172594.86981201,0.34821305539417424,-0.0034821305539417535
2025-04-26 12:45:00,20551455729.940437,0.0,0.0,0.008996707203228205
2025-04-26 13:00:00,20317658073.391277,233797656.54916,1.1376209044333114,-0.011376209044333119
2025-04-26 13:15:00,20639919708.094177,0.0,0.0,0.015861160451604572
2025-04-26 13:30:00,20962181342.79707,0.0,0.0,0.015613512032050858
2025-04-26 13:45:00,20450354040.621887,511827302.17518234,2.441670042851023,-0.024416700428510185
2025-04-26 14:00:00,24299428231.89917,0.0,0.0,0.18821552837821853
2025-04-26 14:15:00,24254324072.23329,45104159.665878296,0.1856181932983412,-0.001856181932983425
2025-04-26 14:30:00,24194185192.67879,105243039.22037888,0.4331091176961138,-0.002479511668739831
2025-04-26 14:45:00,23901008154.850605,398420077.0485649,1.6396273741352374,-0.012117665277560197
2025-04-26 15:00:00,24141563673.06861,157864558.83055878,0.6496636765441315,0.010064659894657435
2025-04-26 15:15:00,24780539268.33516,0.0,0.0,0.026467862807882936
2025-04-26 15:30:00,24442258070.841106,338281197.4940529,1.3651082965991472,-0.01365108296599149
2025-04-26 15:45:00,25299237104.492718,0.0,0.0,0.03506136917333191
2025-04-26 16:00:00,29468189119.495888,0.0,0.0,0.16478568099837432
2025-04-26 16:15:00,29575665992.144077,0.0,0.0,0.003647216739798953
2025-04-26 16:30:00,29790619737.44044,0.0,0.0,0.00726792577903268
2025-04-26 16:45:00,29638360834.52218,152258902.91826248,0.5110967957706015,-0.005110967957706047
2025-04-26 17:00:00,35444459180.62951,0.0,0.0,0.19589809229073496
2025-04-26 17:15:00,36170342783.023766,0.0,0.0,0.020479466161271054
2025-04-26 17:30:00,36397858538.99808,0.0,0.0,0.006290118878306439
2025-04-26 17:45:00,36332854037.29112,65004501.706954956,0.17859430284148892,-0.001785943028414838
2025-04-26 18:00:00,35834486190.8712,563372348.1268768,1.5478172912927222,-0.013716727177788157
2025-04-26 18:15:00,35921158859.8138,476699679.1842804,1.309691554170765,0.002418694340444505
2025-04-26 18:30:00,35303616093.59779,1094242445.4002838,3.0063374311647206,-0.01719161591155871
2025-04-26 18:45:00,34577732491.20354,1820126047.7945404,5.000640479561144,-0.02056116859161894
2025-04-26 19:00:00,41972253238.951546,0.0,0.0,0.21385210119342424
2025-04-26 19:15:00,41340895639.010216,631357599.94133,1.5042261285019853,-0.015042261285019842
2025-04-26 19:30:00,40773962283.96085,1198290954.9906921,2.8549597949119425,-0.013713620527233794
2025-04-26 19:45:00,40838386528.85283,1133866710.0987167,2.701467332819896,0.0015800339550839926
2025-04-26 20:00:00,40928580471.7016,1043672767.2499466,2.48657788589102,0.002208557940579947
2025-04-26 20:15:00,40799731981.917656,1172521257.0338898,2.7935628100750947,-0.003148129944869016
2025-04-26 20:30:00,40477610757.45779,1494642481.4937592,3.5610251205353083,-0.007895179914481631
2025-04-26 20:45:00,41173392602.29108,798860636.660469,1.9033065299413132,0.017189301241183008
2025-04-26 21:00:00,41624362316.53489,347890922.4166565,0.8288592952970248,0.010952940375836828
2025-04-26 21:15:00,41753210806.31883,219042432.63271332,0.5218743711129504,0.0030955066363325123
2025-04-26 21:30:00,40812616830.89605,1159636408.0554962,2.762864317656689,-0.02252746452927723
2025-04-26 21:45:00,41134738055.355896,837515183.5956497,1.9954020071965302,0.007892687347016425
2025-04-26 22:00:00,39717404667.73251,2254848571.2190323,5.372236173221368,-0.03445587487918478
2025-04-26 22:15:00,47704082392.7267,0.0,0.0,0.20108760357855848
2025-04-26 22:30:00,47704082392.7267,0.0,0.0,0.0
2025-04-26 22:45:00,47582555480.112404,121526912.61429596,0.2547515988544092,-0.00254751598854408
2025-04-26 23:00:00,47280534281.89489,423548110.83181,0.8878655443886855,-0.006347309327338402
2025-04-26 23:15:00,53976181503.222885,0.0,0.0,0.1416153036978678
2025-04-26 23:30:00,53801043296.44502,175138206.77786255,0.32447313222296975,-0.003244731322229688
2025-04-26 23:45:00,51497872351.20792,2478309152.014969,4.591486620569835,-0.042809038712252834
2025-04-27 00:00:00,61059241848.73874,0.0,0.0,0.18566533064363688
2025-04-27 00:15:00,61059241848.73874,0.0,0.0,0.0
2025-04-27 00:30:00,60925365603.19396,133876245.54477692,0.21925631811221435,-0.0021925631811221535
2025-04-27 00:45:00,60406660390.71621,652581458.0225296,1.0687677053690925,-0.008513780875047505
2025-04-27 01:00:00,72916222439.50359,0.0,0.0,0.20708911844942768
2025-04-27 01:15:00,82786377367.30814,0.0,0.0,0.13536294939021998
2025-04-27 01:30:00,82786377367.30814,0.0,0.0,0.0
2025-04-27 01:45:00,82786377367.30814,0.0,0.0,0.0
2025-04-27 02:00:00,82786377367.30814,0.0,0.0,0.0
2025-04-27 02:15:00,82606383097.31874,179994269.98939514,0.2174201549981988,-0.0021742015499819356
2025-04-27 02:30:00,83275000834.26779,0.0,0.0,0.008094020242495725
2025-04-27 02:45:00,84560804174.55443,0.0,0.0,0.015440448242631799
2025-04-27 03:00:00,84175063172.46841,385741002.0860138,0.45616997833860345,-0.004561699783386053
2025-04-27 03:15:00,83866470370.79964,694333803.7547913,0.8211059610094464,-0.0036660833985534547
2025-04-27 03:30:00,82966408032.59901,1594396141.9554138,1.8855025771327643,-0.010732087975339422
2025-04-27 03:45:00,83686457903.15953,874346271.3948975,1.0339852842340882,0.008678812155849869
2025-04-27 04:00:00,83172136567.04488,1388667607.509552,1.6422119220188567,-0.006145813181743454
2025-04-27 04:15:00,80703394153.69455,3857410020.8598785,4.561699783385728,-0.029682325298452272
2025-04-27 04:30:00,78774689143.26462,5786115031.28981,6.842549675078582,-0.023898685187352053
2025-04-27 04:45:00,94020552427.11444,0.0,0.0,0.19353758738574944
2025-04-27 05:00:00,94020552427.11444,0.0,0.0,0.0
2025-04-27 05:15:00,94020552427.11444,0.0,0.0,0.0
2025-04-27 05:30:00,94020552427.11444,0.0,0.0,0.0
2025-04-27 05:45:00,94020552427.11444,0.0,0.0,0.0
2025-04-27 06:00:00,93602443570.37993,418108856.7345123,0.4446994257544211,-0.004446994257544246
2025-04-27 06:15:00,93278571338.43797,741981088.6764679,0.7891690375374661,-0.003460083087450938
2025-04-27 06:30:00,91511995527.84543,2508556899.2690125,2.668094192717776,-0.018938709987130542
2025-04-27 06:45:00,90834808133.78497,3185744293.329468,3.3883488355368736,-0.007399984998189613
2025-04-27 07:00:00,91158680365.72693,2861872061.387512,3.0438792237538284,0.0035655079654590693
2025-04-27 07:15:00,92395283433.1417,1625268993.9727478,1.7286316151276293,0.013565390179558712
2025-04-27 07:30:00,91688653108.90466,2331899318.209778,2.480201677199766,-0.007647904719599197
2025-04-27 07:45:00,92159739991.72935,1860812435.385086,1.9791549691516697,0.005137897295373728
2025-04-27 08:00:00,93808544081.61574,212008345.498703,0.22549149098337168,0.017890719852663883
2025-04-27 08:15:00,95692891612.91443,0.0,0.0,0.02008716316564163
2025-04-27 08:30:00,94986261288.67743,706630324.2369995,0.7384355434627025,-0.00738435543462701
2025-04-27 08:45:00,112690262200.54083,0.0,0.0,0.18638485894352974
2025-04-27 09:00:00,114455259031.57361,0.0,0.0,0.01566237221004796
2025-04-27 09:15:00,112478462580.81688,1976796450.7567291,1.7271346615985643,-0.017271346615985617
