type,date,side,price,intended_price,slippage_pct,size,cost,commission,balance,stop_loss,take_profit,pnl,pnl_pct,reinvested,reason
entry,2025-04-17 07:30:00,BUY,0.7048647778639229,0.7042,0.09440185514381809,212.8067747328384,10.0,0.004,49.996,0.6901160000000001,0.7464520000000001,,,,
exit,2025-04-17 09:15:00,,0.6972726016344681,0.6977,0.06125818625939995,212.8067747328384,,0.003956915559024172,58.37637654784739,,,-1.6196234521526092,-16.196234521526094,0.0,signal_reversal
entry,2025-04-17 09:15:00,SELL,0.6972069841582537,0.6977,0.07066301300649197,251.18671158318597,11.675275309569479,0.004670110123827792,58.37170643772357,0.711654,0.6558379999999999,,,,
exit,2025-04-17 10:15:00,,0.6891240381822031,0.6883,0.11972078776740626,251.18671158318597,,0.00461596802730436,70.5534099101934,,,2.025712651601373,17.35044868655924,1.5192844887010297,signal_reversal
entry,2025-04-17 10:15:00,BUY,0.688793019909864,0.6883,0.07162863720238875,307.29148468763265,14.11068198203868,0.005644272792815472,70.54776563740057,0.674534,0.7295980000000001,,,,
exit,2025-04-17 12:15:00,,0.6917126589281644,0.6923,0.08483909747734832,307.29148468763265,,0.005668197598380418,84.88132562221102,,,0.8915120110870889,6.3179937881236645,0.6686340083153166,signal_reversal
entry,2025-04-17 12:15:00,SELL,0.6916252208272361,0.6923,0.09746918572352367,368.18202864560027,16.976265124442204,0.006790506049776882,84.87453511616124,0.706146,0.650762,,,,
exit,2025-04-17 14:00:00,,0.684723348002882,0.6843,0.06186584873330793,368.18202864560027,,0.00672274216876556,102.4844059395424,,,2.534422795755851,14.929213093560978,1.9008170968168883,signal_reversal
entry,2025-04-17 14:00:00,BUY,0.6846818335062176,0.6843,0.055799138713662905,449.045385422564,20.496881187908482,0.008198752475163393,102.47620718706723,0.670614,0.7253580000000001,,,,
exit,2025-04-17 14:30:00,,0.6700515744475243,0.670614,0.08386725485536077,449.045385422564,,0.008023561800020916,116.3954144953328,,,-6.577673879642916,-32.091096295778,0.0,stop_loss
entry,2025-04-17 15:00:00,BUY,0.6883117505045373,0.6878,0.07440396983677393,507.30827016979225,23.279082899066562,0.009311633159626626,116.38610286217317,0.674044,0.729068,,,,
exit,2025-04-17 16:00:00,,0.6935111830023435,0.694,0.07043472588709582,507.30827016979225,,0.00938197222912867,140.3222690447641,,,2.6283331340975313,11.290535565741386,1.9712498505731486,signal_reversal
entry,2025-04-17 16:00:00,SELL,0.6931952659458265,0.694,0.11595591558695709,607.2845961518599,28.064453808952823,0.01122578152358113,140.31104326324052,0.70788,0.6523599999999999,,,,
exit,2025-04-17 17:45:00,,0.7010021550032803,0.6997,0.1861019012834485,607.2845961518599,,0.011352208282740018,163.62314139545236,,,-4.75235567674098,-16.93371875003295,0.0,signal_reversal
entry,2025-04-17 17:45:00,BUY,0.7001002125247137,0.6997,0.05719773112957025,701.141658586526,32.724628279090474,0.01308985131163619,163.61005154414073,0.6857059999999999,0.7416820000000001,,,,
exit,2025-04-17 19:15:00,,0.6847562669200722,0.6857059999999999,0.1385044144177925,701.141658586526,,0.012802963859089527,185.56359738887235,,,-10.771082434358847,-32.914300332147924,0.0,stop_loss
entry,2025-04-17 19:45:00,SELL,0.6914831222955721,0.6923,0.11799475724801044,805.067794451043,37.11271947777447,0.014845087791109789,185.54875230108124,0.706146,0.650762,,,,
exit,2025-04-17 20:15:00,,0.7065309175150694,0.706146,0.05450962195768686,805.067794451043,,0.015168140999342097,210.53180832914472,,,-12.12966344971097,-32.68330540146757,0.0,stop_loss
entry,2025-04-17 21:00:00,BUY,0.7037604992458751,0.7028,0.13666750795036345,897.4579074333237,42.10636166582895,0.01684254466633158,210.5149657844784,0.688744,0.744968,,,,
exit,2025-04-17 23:00:00,,0.6939905580619284,0.6948,0.11649999108686995,897.4579074333237,,0.016608728373779812,243.83660775124213,,,-8.784719699065231,-20.863164974413817,0.0,signal_reversal
entry,2025-04-17 23:00:00,SELL,0.6940302149658752,0.6948,0.11079231924651074,1054.0028481176341,48.767321550248425,0.01950692862009937,243.81710082262202,0.708696,0.6531119999999999,,,,
exit,2025-04-18 00:45:00,,0.6911756079781874,0.6908,0.05437289782679222,1054.0028481176341,,0.01942669491622525,293.33175667296126,,,2.9893372003632184,6.129795743001987,2.242002900272414,signal_reversal
entry,2025-04-18 00:45:00,BUY,0.6915276863579007,0.6908,0.10533965806322626,1272.5380160172524,58.66635133459226,0.023466540533836903,293.30829013242743,0.6769839999999999,0.732248,,,,
exit,2025-04-18 03:45:00,,0.6954836230610543,0.6967,0.17459120696795308,1272.5380160172524,,0.02360078266300279,353.22726123228415,,,5.0104790610578185,8.540635214352287,3.757859295793364,signal_reversal
entry,2025-04-18 03:45:00,SELL,0.6959279265287966,0.6967,0.11081864090760066,1522.688978702745,70.64545224645683,0.028258180898582733,353.19900305138555,0.710634,0.654898,,,,
exit,2025-04-18 04:30:00,,0.7027717818711815,0.7016,0.1670156600885772,1522.688978702745,,0.028536075914627673,413.3948561202424,,,-10.449599177599945,-14.79160914866114,0.0,signal_reversal
entry,2025-04-18 04:30:00,BUY,0.7023920532348619,0.7016,0.11289242230072437,1765.6585985690838,82.6789712240485,0.0330715884896194,413.3617845317528,0.687568,0.743696,,,,
exit,2025-04-18 05:30:00,,0.7032587574391952,0.704,0.10529013647795282,1765.6585985690838,,0.03311239658910732,496.4150535893533,,,1.4971913342080023,1.8108490128049877,1.1228935006560017,signal_reversal
entry,2025-04-18 05:30:00,SELL,0.7035218071929615,0.704,0.06792511463614428,2116.8429258932565,99.28301071787067,0.039713204287148265,496.3753403850662,0.7180799999999999,0.6617599999999999,,,,
exit,2025-04-18 07:00:00,,0.709706439503392,0.7089,0.11375927541147396,2116.8429258932565,,0.040062321491297216,582.52639362586,,,-13.131957477076812,-13.226792159228,0.0,signal_reversal
entry,2025-04-18 07:00:00,BUY,0.709462917671917,0.7089,0.07940720438948815,2463.242457565242,116.505278725172,0.04660211149006881,582.4797915143699,0.694722,0.751434,,,,
exit,2025-04-18 08:15:00,,0.7184078238546016,0.7196,0.16567206022768172,2463.242457565242,,0.04718967076175217,704.481640993883,,,21.986283017364567,18.871490852555024,16.489712263023424,signal_reversal
entry,2025-04-18 08:15:00,SELL,0.7187130802766931,0.7196,0.12325176810823674,2940.596158578339,140.89632819877662,0.05635853127951065,704.4252824626035,0.733992,0.676424,,,,
exit,2025-04-18 09:45:00,,0.7164993455134268,0.7156,0.12567712596796485,2940.596158578339,,0.056184939281084714,846.9349894118029,,,6.453515001691307,4.580328731197795,4.84013625126848,signal_reversal
entry,2025-04-18 09:45:00,BUY,0.7159799521000695,0.7156,0.0530955981091948,3548.7096542059203,169.3869978823606,0.06775479915294425,846.86723461265,0.701288,0.7585360000000001,,,,
exit,2025-04-18 11:00:00,,0.7008303416892196,0.701288,0.0652596808701134,3548.7096542059203,,0.0663211573203458,962.4263426152489,,,-53.82788987976167,-31.778052951351782,0.0,stop_loss
entry,2025-04-18 11:15:00,SELL,0.7059251259169385,0.7067,0.10964682086621169,4090.0641184791516,192.4852685230498,0.07699410740921993,962.3493485078397,0.720834,0.6642979999999999,,,,
exit,2025-04-18 13:15:00,,0.7055274818548316,0.7044,0.1600627278295875,4090.0641184791516,,0.07695073701694394,1155.2219767742226,,,1.5494389733325784,0.8049649644471548,1.1620792299994338,signal_reversal
entry,2025-04-18 13:15:00,BUY,0.7048712584696489,0.7044,0.06690211096662481,4916.736054534271,231.04439535484454,0.09241775814193783,1155.1295590160807,0.690312,0.7466640000000001,,,,
exit,2025-04-18 15:15:00,,0.6956190988861737,0.6967,0.15514584668096829,4916.736054534271,,0.09120468009910108,1340.5923230844487,,,-45.58163128647665,-19.728516338373446,0.0,signal_reversal
entry,2025-04-18 15:15:00,SELL,0.6962568316163122,0.6967,0.06360964313014211,5776.283673823448,268.11846461688975,0.1072473858467559,1340.485075698602,0.710634,0.654898,,,,
exit,2025-04-18 16:45:00,,0.7114687250107392,0.710634,0.11746201430542112,5776.283673823448,,0.1095905381524138,1520.625738315168,,,-87.97780200032366,-32.813033643928165,0.0,stop_loss
entry,2025-04-18 17:30:00,SELL,0.7173768002125789,0.7181,0.10071017788902306,6359.10892796323,304.1251476630336,0.12165005906521345,1520.504088256103,0.732462,0.6750139999999999,,,,
exit,2025-04-18 18:30:00,,0.7095046462128083,0.7087,0.11353833960889662,6359.10892796323,,0.12031512880435365,1837.114128332496,,,49.93956965343827,16.420730096535987,37.4546772400787,signal_reversal
entry,2025-04-18 18:30:00,BUY,0.7096501850846088,0.7087,0.13407437344557044,7766.280486970341,367.4228256664992,0.1469691302665997,1836.9671592022294,0.694526,0.7512220000000001,,,,
exit,2025-04-18 20:30:00,,0.7129825432933395,0.714,0.14250093930819224,7766.280486970341,,0.147659264360788,2210.823077185654,,,25.732369267700587,7.003475960161831,19.29927695077544,signal_reversal
entry,2025-04-18 20:30:00,SELL,0.713232948741484,0.714,0.10743014825152779,9299.162697489097,442.1646154371308,0.17686584617485232,2210.646211339479,0.7282799999999999,0.67116,,,,
exit,2025-04-18 22:45:00,,0.7145228295999843,0.714,0.073225434171481,9299.162697489097,,0.1771857078272142,2640.638829105212,,,-12.171997671397824,-2.752820385539987,0.0,signal_reversal
entry,2025-04-18 22:45:00,BUY,0.7148679068599568,0.714,0.12155558262700651,11081.650765541426,528.1277658210424,0.21125110632841698,2640.427577998884,0.69972,0.75684,,,,
exit,2025-04-18 23:45:00,,0.7222395545337507,0.7234,0.16041546395485667,11081.650765541426,,0.21342950699741964,3188.9244927150767,,,81.47659558060171,15.427440262288778,61.10744668545128,signal_reversal
entry,2025-04-18 23:45:00,SELL,0.7225451186857054,0.7234,0.11817546506700258,13240.382130803117,637.7848985430154,0.25511395941720616,3188.6693787556596,0.7378680000000001,0.679996,,,,
exit,2025-04-19 02:30:00,,0.7292585900218552,0.7287,0.07665569121108202,13240.382130803117,,0.2574843307749346,3737.3078670530826,,,-89.1464102455924,-13.97750408472237,0.0,signal_reversal
entry,2025-04-19 02:30:00,BUY,0.7291846594559261,0.7287,0.06651014902239086,15375.972952482178,747.4615734106166,0.29898462936424663,3737.008882423718,0.714126,0.772422,,,,
exit,2025-04-19 04:15:00,,0.726433893519925,0.7276,0.16026752062602068,15375.972952482178,,0.297856743960765,4441.876896459812,,,-42.593559374522975,-5.698427971376702,0.0,signal_reversal
entry,2025-04-19 04:15:00,SELL,0.7268222479063671,0.7276,0.10689281110952613,18334.09850587858,888.3753792919624,0.35535015171678497,4441.521546308095,0.742152,0.683944,,,,
exit,2025-04-19 05:15:00,,0.7326896210860928,0.7317,0.1352495675950222,18334.09850587858,,0.3582187649927275,5221.965708987223,,,-107.93121661283453,-12.149280487585779,0.0,signal_reversal
entry,2025-04-19 05:15:00,BUY,0.7325449017145841,0.7317,0.11547105570369788,21385.57935533275,1044.3931417974445,0.41775725671897784,5221.547951730504,0.717066,0.775602,,,,
exit,2025-04-19 07:00:00,,0.7346051144777723,0.7352,0.08091478811583253,21385.57935533275,,0.4189321592132719,6276.8510713721535,,,43.639911376818205,4.178494632941775,32.72993353261366,signal_reversal
entry,2025-04-19 07:00:00,SELL,0.7346562438681357,0.7352,0.07396030085205813,25631.788161180295,1255.3702142744307,0.5021480857097723,6276.348923286444,0.749904,0.6910879999999999,,,,
exit,2025-04-19 08:00:00,,0.736669451758074,0.7352,0.19987102258896883,25631.788161180295,,0.5035241421940209,7479.613495259366,,,-52.10564230150947,-4.150619610775543,0.0,signal_reversal
entry,2025-04-19 08:00:00,BUY,0.7360216363753651,0.7352,0.11175685192671164,30486.65878394704,1495.9226990518732,0.5983690796207494,7479.015126179745,0.7204959999999999,0.779312,,,,
exit,2025-04-19 11:30:00,,0.7350106325687712,0.7363,0.17511441412858533,30486.65878394704,,0.5975471562052587,8943.518149994512,,,-31.419675237105476,-2.100354199920858,0.0,signal_reversal
entry,2025-04-19 11:30:00,SELL,0.7356195633579167,0.7363,0.09241296239077608,36473.41069548078,1788.7036299989024,0.715481451999561,8942.802668542512,0.751026,0.6921219999999999,,,,
exit,2025-04-19 15:30:00,,0.7430219594673813,0.7421,0.1242365540198413,36473.41069548078,,0.7226812022243913,10460.792983908059,,,-270.7133146333552,-15.134609786279759,0.0,signal_reversal
entry,2025-04-19 15:30:00,BUY,0.7427590619174754,0.7421,0.08881039179024015,42251.0886244979,2092.158596781612,0.8368634387126448,10459.956120469345,0.727258,0.786626,,,,
exit,2025-04-19 17:15:00,,0.7344649620733582,0.7355,0.14072575481194247,42251.0886244979,,0.8275185121106652,12200.852451164616,,,-351.2622660863415,-16.78946646906653,0.0,signal_reversal
entry,2025-04-19 17:15:00,SELL,0.7345418859956346,0.7355,0.13026702982535357,49830.456303905565,2440.1704902329234,0.9760681960931694,12199.876382968523,0.75021,0.69137,,,,
exit,2025-04-19 20:15:00,,0.7418107534743666,0.7404,0.1905393671483802,49830.456303905565,,0.9857271556472452,14276.850162767963,,,-363.1967104334829,-14.8840710879515,0.0,signal_reversal
entry,2025-04-19 20:15:00,BUY,0.7407913149444161,0.7404,0.05285182933766345,57817.29567323236,2855.370032553593,1.1421480130214372,14275.708014754942,0.7255919999999999,0.784824,,,,
exit,2025-04-19 22:15:00,,0.7452507073911213,0.7461,0.11383093538113824,57817.29567323236,,1.1490234799978143,17195.24829434207,,,256.6809881341378,8.989412412673701,192.51074110060335,signal_reversal
entry,2025-04-19 22:15:00,SELL,0.7456450757642142,0.7461,0.06097362763514668,69182.70710787676,3439.049658868414,1.3756198635473658,17193.872674478524,0.761022,0.7013339999999999,,,,
exit,2025-04-20 00:00:00,,0.7489249788021735,0.7478,0.1504384597717778,69182.70710787676,,1.3816708654464955,20404.628091264123,,,-228.2942420828144,-6.6382944338737,0.0,signal_reversal
entry,2025-04-20 00:00:00,BUY,0.7485685561862594,0.7478,0.10277563335909515,81774.58666666341,4080.9256182528247,1.63237024730113,20402.99572101682,0.732844,0.792668,,,,
exit,2025-04-20 03:00:00,,0.7537540233426674,0.755,0.1650300208387584,81774.58666666341,,1.6436779655248317,24589.52027812547,,,422.3957554232976,10.350488956084888,316.79681656747323,signal_reversal
entry,2025-04-20 03:00:00,SELL,0.7543768989247561,0.755,0.08252994374090095,97787.40698385877,4917.904055625095,1.967161622250038,24587.55311650322,0.7701,0.7097,,,,
exit,2025-04-20 04:00:00,,0.7706150619787693,0.7701,0.06688248003755909,97787.40698385877,,2.0095052984962525,27915.559807596772,,,-1589.8973645315398,-32.328759295599035,0.0,stop_loss
entry,2025-04-20 04:30:00,BUY,0.7951269214086177,0.7942,0.11671133324323113,105324.92004474929,5583.111961519355,2.233244784607742,27913.326562812163,0.778316,0.841852,,,,
exit,2025-04-20 05:30:00,,0.7774438901147724,0.778316,0.11205087460973967,105324.92004474929,,2.1835790817497935,31631.791088076712,,,-1864.6474362548051,-33.39799468659359,0.0,stop_loss
entry,2025-04-20 05:45:00,BUY,0.7701523232434642,0.7691,0.13682528194826907,123216.36954178398,6326.358217615343,2.5305432870461373,31629.260544789668,0.753718,0.815246,,,,
exit,2025-04-20 07:15:00,,0.7715099007135965,0.7724,0.11523812615270146,123216.36954178398,,2.5350039741725756,37996.803953221824,,,164.74076326725165,2.6040378619178,123.55557245043875,signal_reversal
entry,2025-04-20 07:15:00,SELL,0.7718566826370715,0.7724,0.07034145040503081,147683.39048411656,7599.360790644365,3.039744316257746,37993.764208905566,0.787848,0.7260559999999999,,,,
exit,2025-04-20 10:30:00,,0.7453895727146284,0.7441,0.1733063720774574,147683.39048411656,,2.9355109154667534,46569.57925423662,,,3905.8170187467435,51.396651986246354,2929.3627640600575,signal_reversal
entry,2025-04-20 10:30:00,BUY,0.7449836313924595,0.7441,0.11875169902695283,187532.62739689767,9313.915850847325,3.72556634033893,46565.85368789628,0.7292179999999999,0.7887460000000001,,,,
exit,2025-04-20 11:15:00,,0.7390052924433188,0.7396,0.08040935055181046,187532.62739689767,,3.695669444056221,54754.940258697985,,,-1124.8292800456165,-12.076867539481649,0.0,signal_reversal
entry,2025-04-20 11:15:00,SELL,0.7384938232284903,0.7396,0.14956419301105717,222432.22029667586,10950.988051739598,4.380395220695839,54750.55986347729,0.7543920000000001,0.695224,,,,
exit,2025-04-20 12:00:00,,0.7557212040052042,0.7543920000000001,0.17619540042896967,222432.22029667586,,4.482579875524125,61865.140779280635,,,-3836.407135936251,-35.03252051605358,0.0,stop_loss
entry,2025-04-20 12:30:00,SELL,0.7621752095279627,0.7632,0.1342754811369547,243507.55576632643,12373.028155856127,4.949211262342451,61860.191568018294,0.778464,0.7174079999999999,,,,
exit,2025-04-20 13:15:00,,0.7612180427358672,0.7599,0.17344949807438478,243507.55576632643,,4.942995866449015,74290.25331140877,,,228.13435013741054,1.8438036935156819,171.1007626030579,signal_reversal
entry,2025-04-20 13:15:00,BUY,0.7604911535036881,0.7599,0.0777935917473576,293061.6074985618,14858.050662281756,5.943220264912703,74284.31009114385,0.744702,0.805494,,,,
exit,2025-04-20 17:30:00,,0.7533636031114688,0.7543,0.12414117572997785,293061.6074985618,,5.887518628233481,87047.66185932656,,,-2094.698894099041,-14.098073439852959,0.0,signal_reversal
entry,2025-04-20 17:30:00,SELL,0.7536442567850382,0.7543,0.08693400702131052,346506.9669501448,17409.532371865313,6.963812948746125,87040.69804637782,0.769386,0.709042,,,,
exit,2025-04-20 19:15:00,,0.7632531352776598,0.7627,0.07252330898907579,346506.9669501448,,7.05260077120668,101113.63447520114,,,-3336.5959430419953,-19.165339262265903,0.0,signal_reversal
entry,2025-04-20 19:15:00,BUY,0.7635642883398976,0.7627,0.11331956731317934,397269.6314610413,20222.72689504023,8.089090758016091,101105.54538444312,0.747446,0.8084620000000001,,,,
exit,2025-04-20 21:30:00,,0.7635350747249021,0.7646,0.1392787438004007,397269.6314610413,,8.08878127316108,121308.57781614727,,,-19.694463336078794,-0.0973877728671152,0.0,signal_reversal
entry,2025-04-20 21:30:00,SELL,0.7640655276325589,0.7646,0.06990221912648004,476301.73105186166,24261.715563229456,9.704686225291782,121298.87312992198,0.7798919999999999,0.7187239999999999,,,,
exit,2025-04-20 23:00:00,,0.7720187368510373,0.7706,0.18410807825555656,476301.73105186166,,9.805702953776553,141762.65567201877,,,-3797.9330211326715,-15.654016762477996,0.0,signal_reversal
entry,2025-04-20 23:00:00,BUY,0.7713530302584306,0.7706,0.09771999201020296,551353.2070698806,28352.531134403755,11.341012453761502,141751.31465956502,0.755188,0.816836,,,,
exit,2025-04-21 00:00:00,,0.7796502972330158,0.7811,0.18559758891104383,551353.2070698806,,11.463005113930905,171244.66123177845,,,4563.261751238632,16.09472441669041,3422.4463134289745,signal_reversal
entry,2025-04-21 00:00:00,SELL,0.7800038342307317,0.7811,0.14033616300963236,658630.0748149508,34248.93224635569,13.699572898542277,171230.9616588799,0.796722,0.7342339999999999,,,,
exit,2025-04-21 05:15:00,,0.7642282784997232,0.7628,0.1872415442741384,658630.0748149508,,13.4224994198393,208074.10214322104,,,10376.832951941733,30.298267044648952,7782.6247139563,signal_reversal
entry,2025-04-21 05:15:00,BUY,0.7633567805047152,0.7628,0.07299167602454894,817733.3618716804,41614.82042864421,16.645928171457687,208057.45621504958,0.747544,0.8085680000000001,,,,
exit,2025-04-21 06:00:00,,0.7622520659949591,0.7632,0.12420518933974851,817733.3618716804,,16.621838520525117,248752.29289520194,,,-919.9837484918328,-2.2107118065529168,0.0,signal_reversal
entry,2025-04-21 06:00:00,SELL,0.7623076313345291,0.7632,0.1169246154967147,978944.5205725883,49750.458579040394,19.90018343161616,248732.3927117703,0.778464,0.7174079999999999,,,,
exit,2025-04-21 07:30:00,,0.7675504105254946,0.767,0.07176147659642712,978944.5205725883,,20.03704716392463,293330.4242820791,,,-5152.4270087315845,-10.356541740305234,0.0,signal_reversal
entry,2025-04-21 07:30:00,BUY,0.7673855779356391,0.767,0.05027091729323616,1146739.3943127277,58666.08485641582,23.46643394256633,293306.95784813655,0.75166,0.8130200000000001,,,,
exit,2025-04-21 08:45:00,,0.7756204650239868,0.7764,0.10040378361838657,1146739.3943127277,,23.718254460751012,354327.9304989186,,,9419.55117746484,16.056212376399447,7064.66338309863,signal_reversal
entry,2025-04-21 08:45:00,SELL,0.7758726786194201,0.7764,0.06791877647860528,1370049.2629644058,70865.58609978372,28.346234439913488,354299.58426447865,0.791928,0.7298159999999999,,,,
exit,2025-04-21 10:45:00,,0.7674803454096596,0.7669,0.0756741960698411,1370049.2629644058,,28.03962350848458,428032.63794053125,,,11469.870305075618,16.185388333520923,8602.402728806714,signal_reversal
entry,2025-04-21 10:45:00,BUY,0.7675415767144238,0.7669,0.08365845800284272,1673001.1152208413,85606.52758810626,34.242611035242504,427998.395329496,0.7515620000000001,0.812914,,,,
exit,2025-04-21 13:00:00,,0.7757148416384796,0.7765,0.10111504977725509,1673001.1152208413,,34.60724787078759,517014.74143886974,,,13639.274085069932,15.932516443950362,10229.455563802449,signal_reversal
entry,2025-04-21 13:00:00,SELL,0.7754218907975255,0.7765,0.13884213811646673,2000258.4950514513,103402.94828777395,41.36117931510958,516973.3802595546,0.79203,0.72991,,,,
exit,2025-04-21 15:30:00,,0.7934406046719971,0.79203,0.17809990429617478,2000258.4950514513,,42.32230159503793,584291.9207484204,,,-36084.407798908134,-34.89688485330611,0.0,stop_loss
entry,2025-04-21 16:00:00,BUY,0.7965946524255616,0.7955,0.13760558460863415,2200461.3725536657,116858.38414968409,46.74335365987364,584245.1773947605,0.77959,0.84323,,,,
exit,2025-04-21 17:00:00,,0.7785264390448822,0.77959,0.13642567953896323,2200461.3725536657,,45.683129510133845,661299.4727996921,,,-39804.08874475251,-34.06181681732599,0.0,stop_loss
entry,2025-04-21 17:15:00,SELL,0.7824099253503258,0.7829,0.0625973495560324,2535625.3213566807,132259.89455993843,52.903957823975375,661246.5688418681,0.7985580000000001,0.735926,,,,
exit,2025-04-21 19:15:00,,0.7758498579993783,0.7753,0.07092196561052135,2535625.3213566807,,52.4603878803789,797651.8165260534,,,16581.412496987334,12.536992073188792,12436.0593727405,signal_reversal
entry,2025-04-21 19:15:00,BUY,0.7761160539460735,0.7753,0.10525653889765477,3083244.364565649,159530.3633052107,63.81214532208428,797588.0043807313,0.759794,0.821818,,,,
exit,2025-04-21 21:15:00,,0.7715393286342738,0.7723,0.09849428534587618,3083244.364565649,,63.435847654730374,942943.7693125156,,,-14174.598373426292,-8.885204095165069,0.0,signal_reversal
entry,2025-04-21 21:15:00,SELL,0.7715823990268388,0.7723,0.09291738614025354,3666272.4700633674,188588.75386250313,75.43550154500126,942868.3338109707,0.787746,0.725962,,,,
exit,2025-04-21 23:00:00,,0.7765154766696086,0.7751,0.18261858722857144,3666272.4700633674,,75.91779505845119,1113295.163124043,,,-18161.924549430627,-9.630438813266764,0.0,signal_reversal
entry,2025-04-21 23:00:00,BUY,0.7756276926916815,0.7751,0.06808059497891016,4306042.088030193,222659.0326248086,89.06361304992345,1113206.099510993,0.759598,0.8216060000000001,,,,
exit,2025-04-22 00:30:00,,0.7588104054881835,0.759598,0.10368570109669688,4306042.088030193,,87.13252114313,1263362.0531099043,,,-72503.07902589739,-32.56237942435896,0.0,stop_loss
entry,2025-04-22 00:45:00,BUY,0.7704513829889058,0.7699,0.07161748134898245,4919306.062669874,252672.41062198087,101.06896424879235,1263260.9841456555,0.754502,0.8160940000000001,,,,
exit,2025-04-22 01:45:00,,0.7822127769038014,0.7827,0.06224902212835118,4919306.062669874,,102.61184148588555,1530372.2159050135,,,57755.284549508666,22.857772404726614,43316.4634121315,signal_reversal
entry,2025-04-22 01:45:00,SELL,0.7817347551010515,0.7827,0.12332246057856593,5872985.200871063,306074.4431810027,122.42977727240108,1530249.786127741,0.798354,0.7357379999999999,,,,
exit,2025-04-22 05:30:00,,0.762665539156392,0.7612,0.19253010462324027,5872985.200871063,,119.44329132479577,1864292.6742447123,,,111873.7797438749,36.55116663161462,83905.33480790617,signal_reversal
entry,2025-04-22 05:30:00,BUY,0.7622298373422178,0.7612,0.13529129561454326,7337521.766709726,372858.5348489425,149.143413939577,1864143.5308307728,0.745976,0.806872,,,,
exit,2025-04-22 08:30:00,,0.7726724986451734,0.7739,0.15861239886633907,7337521.766709726,,151.18670072925204,2256120.0826577363,,,76472.06791208459,20.509673445738876,57354.050934063445,signal_reversal
entry,2025-04-22 08:30:00,SELL,0.7732888519412485,0.7739,0.07896990034262205,8752693.422363527,451224.0165315473,180.48960661261893,2255939.5930511234,0.789378,0.727466,,,,
exit,2025-04-22 10:30:00,,0.7807831349546699,0.78,0.10040191726536107,8752693.422363527,,182.23881092293635,2641386.209134844,,,-65777.40044782683,-14.577548631706755,0.0,signal_reversal
entry,2025-04-22 10:30:00,BUY,0.7805237669248657,0.78,0.06714960575199716,10152360.457420027,528277.2418269688,211.31089673078756,2641174.898238113,0.7644,0.8268000000000001,,,,
exit,2025-04-22 11:30:00,,0.7796079184224158,0.7802,0.07588843598874256,10152360.457420027,,211.0629494208873,3159943.0529944017,,,-9509.087070680158,-1.8000183081509222,0.0,signal_reversal
entry,2025-04-22 11:30:00,SELL,0.7794578968460216,0.7802,0.09511704101235323,12162079.82155565,631988.6105988803,252.79544423955215,3159690.2575501623,0.7958040000000001,0.7333879999999999,,,,
exit,2025-04-22 13:45:00,,0.7966704755631687,0.7958040000000001,0.10888052374312081,12162079.82155565,,258.3778644073589,3582079.7339918823,,,-209599.1341571603,-33.16501763513452,0.0,stop_loss
entry,2025-04-22 14:00:00,SELL,0.8133641707907734,0.814,0.07811169646517584,13212088.247663872,716415.9467983765,286.5663787193506,3581793.167613163,0.8302799999999999,0.76516,,,,
exit,2025-04-22 14:15:00,,0.831042740953864,0.8302799999999999,0.09186550969120118,13212088.247663872,,292.7949341616778,4064345.4903901075,,,-233863.6240214322,-32.6435536599312,0.0,stop_loss
entry,2025-04-22 14:30:00,SELL,0.8176266749492487,0.8187,0.1311011421462497,14912718.536154857,812869.0980780215,325.14763923120864,4064020.342750876,0.835074,0.769578,,,,
exit,2025-04-22 15:45:00,,0.8288485458190673,0.8275,0.16296626212293505,14912718.536154857,,329.6102686106934,4709211.228829606,,,-167678.2119992912,-20.627947648121438,0.0,signal_reversal
entry,2025-04-22 15:45:00,BUY,0.8284307756366506,0.8275,0.11248043947438005,17053487.270112228,941842.2457659213,376.7368983063685,4708834.4919313,0.81095,0.8771500000000001,,,,
exit,2025-04-22 16:30:00,,0.8098343720669203,0.81095,0.13757049547809574,17053487.270112228,,368.2800041318015,5333174.926146825,,,-317501.81155039615,-33.71072098090042,0.0,stop_loss
entry,2025-04-22 17:00:00,BUY,0.8215663760424253,0.8205,0.12996661089887043,19474415.269417338,1066634.985229365,426.65399409174603,5332748.272152733,0.80409,0.86973,,,,
exit,2025-04-22 17:45:00,,0.8188767683586574,0.8199,0.1247995659644559,19474415.269417338,,425.25723310653234,6346579.46320348,,,-52803.79417861859,-4.950502740847552,0.0,signal_reversal
entry,2025-04-22 17:45:00,SELL,0.8188545639239571,0.8199,0.1275077541215966,23251672.798124094,1269315.892640696,507.7263570562784,6346071.736846424,0.836298,0.7707059999999999,,,,
exit,2025-04-22 20:30:00,,0.8257806391946833,0.8249,0.1067570850628182,23251672.798124094,,512.0208326821478,7453832.772684333,,,-161554.85680278638,-12.727710866889586,0.0,signal_reversal
entry,2025-04-22 20:30:00,BUY,0.826085483098292,0.8249,0.14371234068274724,27069230.455648027,1490766.5545368667,596.3066218147467,7453236.466062518,0.808402,0.874394,,,,
exit,2025-04-22 21:30:00,,0.8278377510428296,0.8283,0.05580694883137858,27069230.455648027,,597.5714896763664,8955711.763929648,,,46834.973321057805,3.141670516991705,35126.229990793356,signal_reversal
entry,2025-04-22 21:30:00,SELL,0.8275841970051485,0.8283,0.08641832607165609,32464533.98822187,1791142.3527859298,716.456941114372,8954995.306988534,0.844866,0.778602,,,,
exit,2025-04-22 21:45:00,,0.8464869237846875,0.844866,0.19185572442107746,32464533.98822187,,732.8214268744897,10131736.622343175,,,-614401.0374312891,-34.302189129504654,0.0,stop_loss
entry,2025-04-22 22:00:00,SELL,0.8377024150235237,0.8388,0.13085180930809448,36284018.431743436,2026347.324468635,810.5389297874541,10130926.083413389,0.855576,0.788472,,,,
exit,2025-04-23 00:00:00,,0.8474047428894589,0.8469,0.05959887701722125,36284018.431743436,,819.9266482706116,11804414.038115343,,,-352859.3697666802,-17.41356802487993,0.0,signal_reversal
entry,2025-04-23 00:00:00,BUY,0.8474036714270282,0.8469,0.05947236120300876,41790286.387018025,2360882.807623069,944.3531230492275,11803469.684992295,0.829962,0.897714,,,,
exit,2025-04-23 01:45:00,,0.8581195950598546,0.8595,0.1606055776783475,41790286.387018025,,956.2950301830202,14276068.798237124,,,446865.2224870453,18.927886680531515,335148.916865284,signal_reversal
entry,2025-04-23 01:45:00,SELL,0.8589893557651397,0.8595,0.05941177834326479,49858832.484091036,2855213.7596474253,1142.0855038589702,14274926.712733265,0.8766900000000001,0.80793,,,,
exit,2025-04-23 02:15:00,,0.8780698996198588,0.8766900000000001,0.15739880914104057,49858832.484091036,,1167.454400919178,16177639.378221978,,,-952501.0941587131,-33.3600624800972,0.0,stop_loss
entry,2025-04-23 02:45:00,SELL,0.884661006848972,0.8855,0.09474795607318524,54860469.44414654,3235527.8756443956,1294.2111502577584,16176345.16707172,0.90321,0.8323699999999999,,,,
exit,2025-04-23 03:45:00,,0.9045427160957265,0.90321,0.14755329278090837,54860469.44414654,,1323.2970143278646,18319829.84307281,,,-1092043.1996433076,-33.751623896172234,0.0,stop_loss
entry,2025-04-23 04:00:00,BUY,0.9236527512771379,0.9224,0.135814318857104,59502328.611294396,3663965.968614562,1465.5863874458248,18318364.256685365,0.903952,0.9777440000000001,,,,
exit,2025-04-23 04:30:00,,0.9028142351732081,0.903952,0.125865624147283,59502328.611294396,,1432.5213145661507,20740957.470997583,,,-1241372.7543023431,-33.88057544573039,0.0,stop_loss
entry,2025-04-23 07:00:00,SELL,0.8753583498128474,0.8758,0.050428201319091426,71082742.77191286,4148191.4941995167,1659.2765976798069,20739298.194399904,0.893316,0.823252,,,,
exit,2025-04-23 10:15:00,,0.8947807853958207,0.893316,0.16397169599790623,71082742.77191286,,1696.0925974811012,23505193.6034534,,,-1382296.0851460192,-33.3228609884309,0.0,stop_loss
entry,2025-04-23 10:30:00,SELL,0.8910990571527709,0.8918,0.07859865970274789,79133268.34355627,4701038.720690681,1880.4154882762723,23503313.187965125,0.909636,0.838292,,,,
exit,2025-04-23 12:45:00,,0.9096176851573561,0.909,0.06795216252542517,79133268.34355627,,1919.4938765227078,26736992.85553795,,,-1467359.053117855,-31.21350706301499,0.0,signal_reversal
entry,2025-04-23 12:45:00,BUY,0.9096671945166228,0.909,0.07339873670219006,88176180.31090613,5347398.571107591,2138.9594284430364,26734853.896109506,0.8908200000000001,0.9635400000000001,,,,
exit,2025-04-23 14:30:00,,0.8938374280524396,0.8948,0.10757397715248952,88176180.31090613,,2101.7378726556935,30684342.387319088,,,-1397910.0798980098,-26.141871815035937,0.0,signal_reversal
entry,2025-04-23 14:30:00,SELL,0.8937711968196164,0.8948,0.11497576892978184,102993951.3485303,6136868.477463818,2454.7473909855275,30681887.639928102,0.9126960000000001,0.841112,,,,
exit,2025-04-23 15:15:00,,0.8722732238090657,0.871,0.14617954179859646,102993951.3485303,,2395.7030926831094,37371697.48820392,,,2211765.4832479907,36.040620576604674,1658824.112435993,signal_reversal
entry,2025-04-23 15:15:00,BUY,0.8722952535765418,0.871,0.1487087917958517,128528834.70926045,7474339.497640785,2989.735799056314,37368707.75240486,0.85358,0.9232600000000001,,,,
exit,2025-04-23 16:30:00,,0.8745347749363729,0.876,0.16726313511724789,128528834.70926045,,2997.4116142745966,44914258.664813474,,,284845.65907131194,3.8109810125860775,213634.24430348395,signal_reversal
entry,2025-04-23 16:30:00,SELL,0.875309955132068,0.876,0.07877224519771767,153937214.13131908,8982851.732962696,3593.1406931850784,44910665.524120286,0.89352,0.82344,,,,
exit,2025-04-23 17:15:00,,0.8949852068751633,0.89352,0.16398143020450098,153937214.13131908,,3673.907451602797,50861089.908966914,,,-3032427.348116066,-33.75795836625615,0.0,stop_loss
entry,2025-04-23 17:45:00,SELL,0.8889948464698422,0.8895,0.05679072851689616,171635719.0739653,10172217.981793383,4068.8871927173536,50857021.021774195,0.9072899999999999,0.8361299999999999,,,,
exit,2025-04-23 20:30:00,,0.8752783450865373,0.8748,0.054680508291873396,171635719.0739653,,4006.1074173012853,61616797.871238895,,,2350235.4706852622,23.10445445518177,1762676.6030139467,signal_reversal
entry,2025-04-23 20:30:00,BUY,0.8759658935192376,0.8748,0.13327543658407473,211024647.17098838,12323359.57424778,4929.343829699112,61611868.527409196,0.857304,0.9272880000000001,,,,
exit,2025-04-23 23:30:00,,0.8869577717739193,0.8884,0.1623399624134071,211024647.17098838,,4991.19868917753,74513869.60959485,,,2314566.031751494,18.78194024775728,1735924.5238136204,signal_reversal
entry,2025-04-23 23:30:00,SELL,0.8873734831222019,0.8884,0.11554669943697987,251913780.4774816,14902773.921918971,5961.109568767589,74507908.50002608,0.906168,0.835096,,,,
exit,2025-04-24 02:15:00,,0.8920536340334666,0.8903,0.19697113708486927,251913780.4774816,,5992.549422347905,88225695.36326087,,,-1184987.0586841751,-7.951452963674758,0.0,signal_reversal
entry,2025-04-24 02:15:00,BUY,0.8907997354596154,0.8903,0.05613113103622348,297122995.8361183,17645139.072652172,7058.055629060869,88218637.3076318,0.872494,0.9437180000000001,,,,
exit,2025-04-24 03:00:00,,0.8719002057207621,0.872494,0.06805711893009003,297122995.8361183,,6908.309365170151,100241383.1750169,,,-5622393.205267084,-31.86369448332154,0.0,stop_loss
entry,2025-04-24 03:30:00,BUY,0.8640379054844982,0.8636,0.050706980604237374,348045088.78163564,20048276.63500338,8019.310654001352,100233363.8643629,0.846328,0.9154160000000001,,,,
exit,2025-04-24 04:00:00,,0.845404755346895,0.846328,0.10908827937926692,348045088.78163564,,7846.3726168300545,113788617.73282577,,,-6493022.766540499,-32.38693721536133,0.0,stop_loss
entry,2025-04-24 04:15:00,BUY,0.8570201058688101,0.8563,0.08409504482192182,398317205.00001025,22757723.546565156,9103.089418626063,113779514.64340715,0.839174,0.907678,,,,
exit,2025-04-24 04:45:00,,0.8643204941095329,0.8657,0.15935149479809674,398317205.00001025,,9180.632625011653,137261910.59168097,,,2898689.606834667,12.73716855248542,2174017.205126,signal_reversal
entry,2025-04-24 04:45:00,SELL,0.8644626273275738,0.8657,0.142933195382492,476348796.07005095,27452382.118336197,10980.95284733448,137250929.63883364,0.8830140000000001,0.813758,,,,
exit,2025-04-24 06:30:00,,0.8769617940843834,0.8765,0.05268614767636188,476348796.07005095,,11139.72519497408,158738208.99548984,,,-5965102.761679987,-21.728907662609476,0.0,signal_reversal
entry,2025-04-24 06:30:00,BUY,0.8776102022548286,0.8765,0.12666312091597562,542626584.972394,31747641.79909797,12699.05671963919,158725509.9387702,0.8589699999999999,0.92909,,,,
exit,2025-04-24 11:45:00,,0.8750713829411162,0.8768,0.197150668212113,542626584.972394,,12662.31989686421,189082858.56390962,,,-1390293.1739585588,-4.379201399450275,0.0,signal_reversal
entry,2025-04-24 11:45:00,SELL,0.8758281719278898,0.8768,0.11083805566951666,647671077.3565214,37816571.71278193,15126.628685112772,189067731.9352245,0.894336,0.8241919999999999,,,,
exit,2025-04-24 12:45:00,,0.8772722559471081,0.8762,0.1223757072709677,647671077.3565214,,15151.56979051332,225933860.62569544,,,-950443.0223110049,-2.513297687399191,0.0,signal_reversal
entry,2025-04-24 12:45:00,BUY,0.8774696797874278,0.8762,0.144907531091986,772450145.560913,45186772.12513909,18074.708850055635,225915785.91684538,0.858676,0.928772,,,,
exit,2025-04-24 14:00:00,,0.8864084257306114,0.888,0.17923133664285568,772450145.560913,,18258.835132854147,272824177.2344373,,,6886476.769811305,15.24002810101167,5164857.577358479,signal_reversal
entry,2025-04-24 14:00:00,SELL,0.8875067531222933,0.888,0.055545819561565624,922215553.6550956,54564835.44688746,21825.934178754986,272802351.3002585,0.90576,0.83472,,,,
exit,2025-04-24 14:30:00,,0.9072663976123804,0.90576,0.1663131085917148,922215553.6550956,,22311.87155164708,309122223.39214087,,,-18244963.355005134,-33.4372186877838,0.0,stop_loss
entry,2025-04-24 14:45:00,SELL,0.9080032785062028,0.9092,0.13162356948935908,1021325244.2238704,61824444.67842817,24729.77787137127,309097493.6142695,0.927384,0.854648,,,,
exit,2025-04-24 16:30:00,,0.9286324116220145,0.927384,0.13461647192690018,1021325244.2238704,,25291.61932250815,349827592.255742,,,-21094346.03695564,-34.11975011935027,0.0,stop_loss
entry,2025-04-24 17:45:00,SELL,0.9073973152275644,0.9085,0.1213742182097442,1156585719.5687518,69965518.4511484,27986.207380459364,349799606.04836154,0.92667,0.8539899999999999,,,,
exit,2025-04-24 19:30:00,,0.9256556979235381,0.925,0.07088626200411474,1156585719.5687518,,28549.337638821617,398619190.47328675,,,-21145934.026223194,-30.223365015136405,0.0,signal_reversal
entry,2025-04-24 19:30:00,BUY,0.9258002313232966,0.925,0.08651149441044426,1291701525.836255,79723838.09465735,31889.53523786294,398587300.9380489,0.9065,0.9805000000000001,,,,
exit,2025-04-24 21:15:00,,0.9247887902287593,0.9253,0.05524800294398696,1291701525.836255,,31854.695771060076,476972804.3318278,,,-1338334.7008784139,-1.6787133345102982,0.0,signal_reversal
entry,2025-04-24 21:15:00,SELL,0.924316856646812,0.9253,0.1062513080285375,1548082135.152759,95394560.86636557,38157.82434654623,476934646.5074813,0.943806,0.8697819999999999,,,,
exit,2025-04-24 22:30:00,,0.9454557966444704,0.943806,0.17480251709255257,1548082135.152759,,39030.48608965133,539565361.521316,,,-32763845.85253085,-34.34561211349189,0.0,stop_loss
entry,2025-04-25 00:15:00,BUY,0.9257222945372358,0.9252,0.05645206844310894,1748576321.5556204,107913072.30426322,43165.22892170529,539522196.2923944,0.9066960000000001,0.980712,,,,
exit,2025-04-25 01:15:00,,0.9210708094403518,0.9217,0.06826413796768949,1748576321.5556204,,42948.33620969248,639258843.5599678,,,-8176425.036689829,-7.576862433900708,0.0,signal_reversal
entry,2025-04-25 01:15:00,SELL,0.9210454048590342,0.9217,0.07102041238643718,2082173713.22038,127851768.71199356,51140.70748479743,639207702.8524829,0.940134,0.8663979999999999,,,,
exit,2025-04-25 02:45:00,,0.9022742907230343,0.9012,0.11920669363451208,2082173713.22038,,50098.448273548405,776818127.0578676,,,39034621.97356484,30.531155232976502,29275966.480173633,signal_reversal
entry,2025-04-25 02:45:00,BUY,0.9024049432116937,0.9012,0.13370430666819363,2582492924.8275466,155363625.41157353,62145.450164629416,776755981.607703,0.883176,0.955272,,,,
exit,2025-04-25 06:00:00,,0.9361998006596222,0.938,0.1919189062236387,2582492924.8275466,,64472.7829714249,953922233.8872414,,,87210507.47185926,56.13315680606065,65407880.60389444,signal_reversal
entry,2025-04-25 06:00:00,SELL,0.9366133423982179,0.938,0.14783130082964072,3055440886.987699,190784446.7774483,76313.77871097933,953845920.1085304,0.9567599999999999,0.88172,,,,
exit,2025-04-25 07:00:00,,0.9578747934699502,0.9567599999999999,0.11651756657366863,3055440886.987699,,78046.12822887956,1079589213.8364906,,,-65041153.049488105,-34.09143362999562,0.0,stop_loss
entry,2025-04-25 07:15:00,SELL,0.9525022801554083,0.9534,0.09415983266119034,3400272848.6708097,215917842.76729813,86367.13710691925,1079502846.6993837,0.972468,0.896196,,,,
exit,2025-04-25 08:00:00,,0.9626440135955823,0.9618,0.0877535449763166,3400272848.6708097,,87286.72806305472,1260848741.8835382,,,-34571947.583143495,-16.011621429731882,0.0,signal_reversal
entry,2025-04-25 08:00:00,BUY,0.9627466933254744,0.9618,0.09842933307072674,3928911157.913326,252169748.37670767,100867.89935068307,1260747873.9841876,0.942564,1.019508,,,,
exit,2025-04-25 09:45:00,,0.9566358238663868,0.9581,0.15282080509478801,3928911157.913326,,100227.65766528678,1488808331.500869,,,-24109290.86002619,-9.560738754440184,0.0,signal_reversal
entry,2025-04-25 09:45:00,SELL,0.9567044652781057,0.9581,0.1456564786446274,4668552470.071577,297761666.3001738,119104.66652006953,1488689226.834349,0.977262,0.9006139999999999,,,,
exit,2025-04-25 11:15:00,,0.9480279467617223,0.9467,0.14027112725492832,4668552470.071577,,118024.4856680353,1796548082.5009265,,,40388757.46561547,13.564122597601106,30291568.099211603,signal_reversal
entry,2025-04-25 11:15:00,BUY,0.9474005089692148,0.9467,0.07399482087407291,5688876242.389599,359309616.5001853,143723.84660007412,1796404358.6543264,0.927766,1.0035020000000001,,,,
exit,2025-04-25 12:15:00,,0.9426567035585285,0.9445,0.19516108432732218,5688876242.389599,,143004.19534942423,2128584049.0597897,,,-27129926.094722,-7.55057055221009,0.0,signal_reversal
entry,2025-04-25 12:15:00,SELL,0.9438486158679809,0.9445,0.06896602774156403,6765652923.384235,425716809.81195796,170286.7239247832,2128413762.3358648,0.96339,0.88783,,,,
exit,2025-04-25 16:00:00,,0.9220123580470572,0.9204,0.1751801441826474,6765652923.384235,,166347.08281646576,2591023120.767595,,,147570194.47908777,34.66393411720588,110677645.85931583,signal_reversal
entry,2025-04-25 16:00:00,BUY,0.9215016153327094,0.9204,0.11968875844298346,8435220549.772242,518204624.153519,207281.8496614076,2590815838.9179335,0.901992,0.975624,,,,
exit,2025-04-25 17:45:00,,0.9132107878550701,0.915,0.19554231092130722,8435220549.772242,,205416.917439701,3038880087.840014,,,-70140375.2314383,-13.535266179071975,0.0,signal_reversal
entry,2025-04-25 17:45:00,SELL,0.9143328323756978,0.915,0.07291449445925066,9970811438.360369,607776017.5680028,243110.40702720114,3038636977.4329867,0.9333,0.8601,,,,
exit,2025-04-25 18:15:00,,0.9272952381728139,0.9256,0.18315019153132883,9970811438.360369,,246556.9591336159,3516920734.0513024,,,-129492260.94968708,-21.305918168315756,0.0,signal_reversal
entry,2025-04-25 18:15:00,BUY,0.926699175306017,0.9256,0.11875273401221592,11385315195.375898,703384146.8102605,281353.6587241042,3516639380.392578,0.907088,0.981136,,,,
exit,2025-04-25 19:15:00,,0.9164656641399108,0.9175,0.11273415368818254,11385315195.375898,,278246.67871926376,4103233530.342602,,,-116789996.86023663,-16.604013239402875,0.0,signal_reversal
entry,2025-04-25 19:15:00,SELL,0.9164148877250884,0.9175,0.11826836783777653,13432453745.470518,820646706.0685204,328258.6824274082,4102905271.6601744,0.93585,0.8624499999999999,,,,
exit,2025-04-25 21:15:00,,0.9149101733471577,0.9141,0.088630712958955,13432453745.470518,,327719.69559322967,4928523049.375221,,,19884286.58610466,2.423002059115608,14913214.939578496,signal_reversal
entry,2025-04-25 21:15:00,BUY,0.9151168748636729,0.9141,0.11124328450637871,16157028194.161873,985704609.8750443,394281.84395001776,4928128767.531271,0.895818,0.9689460000000001,,,,
exit,2025-04-26 00:15:00,,0.9144592014489894,0.9158,0.14640735433614943,16157028194.161873,,393998.4826725886,5902813331.020051,,,-11020046.38626428,-1.1179866945799581,0.0,signal_reversal
entry,2025-04-26 00:15:00,SELL,0.9144659180269559,0.9158,0.14567394333304381,19364789484.191753,1180562666.2040102,472225.0664816041,5902341105.953569,0.934116,0.860852,,,,
exit,2025-04-26 01:00:00,,0.9272990311312026,0.9268,0.053844532930811304,19364789484.191753,,478852.0140466857,6833914386.452972,,,-248989385.70460716,-21.090738580206793,0.0,signal_reversal
entry,2025-04-26 01:00:00,BUY,0.9275539705996466,0.9268,0.08135202844699754,22103019133.328617,1366782877.2905946,546713.1509162378,6833367673.302056,0.908264,0.9824080000000001,,,,
exit,2025-04-26 02:45:00,,0.9629252016871137,0.9635,0.05965732360003301,22103019133.328617,,567561.4441827892,8395461409.605524,,,781243436.0514904,57.15929347901749,585932577.0386178,signal_reversal
entry,2025-04-26 02:45:00,SELL,0.96276143470374,0.9635,0.0766544158028011,26160566180.72462,1679092281.921105,671636.912768442,8394789772.692756,0.98277,0.90569,,,,
exit,2025-04-26 04:45:00,,0.9508739732612962,0.9496,0.13415893653076272,26160566180.72462,,663344.0401874857,10151461899.05028,,,310319377.7456755,18.481377175447967,232739533.3092566,signal_reversal
entry,2025-04-26 04:45:00,BUY,0.9501766103078055,0.9496,0.060721388774801995,32051289588.453747,2030292379.810056,812116.9519240224,10150649782.098356,0.930608,1.0065760000000001,,,,
exit,2025-04-26 06:00:00,,0.9617416424655142,0.9634,0.17213592842908101,32051289588.453747,,822001.5971183291,12273405210.205757,,,369852193.18938184,18.216696120584533,277389144.8920364,signal_reversal
entry,2025-04-26 06:00:00,SELL,0.9619611500027168,0.9634,0.14935125568644753,38276198192.11336,2454681042.0411515,981872.4168164607,12272423337.78894,0.9826680000000001,0.905596,,,,
exit,2025-04-26 07:00:00,,0.9844268958672724,0.9826680000000001,0.17899187388542248,38276198192.11336,,1004803.1725830042,13866196235.412127,,,-860908144.4179654,-35.07209815341592,0.0,stop_loss
entry,2025-04-26 07:15:00,BUY,0.9855064140037053,0.985,0.051412589208676626,42210368309.26194,2773239247.0824256,1109295.6988329703,13865086939.713293,0.9652999999999999,1.0441,,,,
exit,2025-04-26 08:45:00,,0.9699182098577724,0.9718,0.19363965242102857,42210368309.26194,,1091749.463145509,15979250599.052782,,,-659075587.7429359,-23.76555100452705,0.0,signal_reversal
entry,2025-04-26 08:45:00,SELL,0.9705129866069081,0.9718,0.13243603551058325,49394240426.145706,3195850119.8105564,1278340.0479242227,15977972259.004858,0.991236,0.913492,,,,
exit,2025-04-26 09:15:00,,0.9929633356863968,0.991236,0.17426079020504193,49394240426.145706,,1307911.192993107,18063596527.539257,,,-1110225851.2761583,-34.73960948274916,0.0,stop_loss
entry,2025-04-26 10:15:00,BUY,0.9991449473573317,0.9983,0.08463862138954079,54237165214.064896,3612719305.5078516,1445087.7222031406,18062151439.817055,0.9783339999999999,1.058198,,,,
exit,2025-04-26 11:15:00,,0.9763916001177947,0.9783339999999999,0.19854159031631907,54237165214.064896,,1412179.0007790404,20439381512.92037,,,-1235489232.4045367,-34.19831788539298,0.0,stop_loss
entry,2025-04-26 12:30:00,SELL,0.9704254020298111,0.9715,0.11061224603076784,63186870840.874214,4087876302.584074,1635150.5210336298,20437746362.399334,0.9909300000000001,0.91321,,,,
exit,2025-04-26 14:00:00,,0.9730027488912829,0.9714,0.16499370921174109,63186870840.874214,,1639493.3072535747,24361128688.428204,,,-164493976.5552059,-4.023947017458041,0.0,signal_reversal
entry,2025-04-26 14:00:00,BUY,0.9721689225521604,0.9714,0.07915612025532429,75175604125.9007,4872225737.685641,1948890.2950742566,24359179798.13313,0.951972,1.029684,,,,
exit,2025-04-26 16:00:00,,0.9901226638720787,0.9915,0.13891438506519022,75175604125.9007,,1984881.8510754567,29568330152.867252,,,1347698468.1939313,27.660837997914733,1010773851.1454484,signal_reversal
entry,2025-04-26 16:00:00,SELL,0.9904347278364615,0.9915,0.10744046026612145,89561672228.89275,5913666030.573451,2365466.4122293806,29565964686.455025,1.01133,0.93201,,,,
exit,2025-04-26 17:00:00,,0.9854401839531244,0.9842,0.1260093429307372,89561672228.89275,,2353537.8868370536,35590872258.10983,,,444966164.3254203,7.524370872906257,333724623.2440652,signal_reversal
entry,2025-04-26 17:00:00,BUY,0.985498850395501,0.9842,0.13197016820779067,108343725344.25531,7118174451.621967,2847269.780648787,35588024988.329185,0.9645159999999999,1.043252,,,,
exit,2025-04-26 19:00:00,,0.9796662962085878,0.9803,0.06464386324718667,108343725344.25531,,2830418.5633452563,42071448372.5054,,,-634751067.4457551,-8.917329460801835,0.0,signal_reversal
entry,2025-04-26 19:00:00,SELL,0.9795823842796348,0.9803,0.07320368462359425,128845053915.83955,8414289674.5010805,3365715.8698004326,42068082656.635605,0.999906,0.9214819999999999,,,,
exit,2025-04-26 22:15:00,,1.0011187191423347,0.999906,0.12128331486508358,128845053915.83955,,3439711.8758413433,47704082392.7267,,,-2778289938.409985,-33.018710382997625,0.0,stop_loss
entry,2025-04-26 22:45:00,SELL,0.9951080756376782,0.9959,0.07951846192607623,143815783111.2685,9540816478.54534,3816326.591418136,47700266066.135284,1.015818,0.9361459999999999,,,,
exit,2025-04-26 23:15:00,,1.0177829009202635,1.015818,0.1934304098040611,143815783111.2685,,3903286.531549501,53976181503.222885,,,-3264901041.457736,-34.2203526165669,0.0,stop_loss
entry,2025-04-26 23:30:00,SELL,1.0335373000446186,1.0346,0.1027160212044559,156674117617.89154,10795236300.644577,4318094.520257831,53971863408.70263,1.055292,0.9725239999999999,,,,
exit,2025-04-27 00:00:00,,1.0571751610006546,1.055292,0.17844928234598675,156674117617.89154,,4416852.9471288,61059241848.73874,,,-3707857860.608468,-34.34716718880044,0.0,stop_loss
entry,2025-04-27 00:30:00,SELL,0.9888300646709965,0.9895,0.06770442940913828,185246921681.29327,12211848369.74775,4884739.3478991,61054357109.39084,1.00929,0.93013,,,,
exit,2025-04-27 01:00:00,,0.9899530591958748,0.9892,0.07612810310098247,185246921681.29327,,4890286.848667065,73053283913.49127,,,-212921565.64731786,-1.7435654226987098,0.0,signal_reversal
entry,2025-04-27 01:00:00,BUY,0.9897662224073288,0.9892,0.05724043745743163,221425874897.43686,14610656782.698256,5844262.713079303,73047439650.7782,0.9694159999999999,1.048552,,,,
exit,2025-04-27 01:15:00,,0.9677904503082874,0.9694159999999999,0.1676833982224949,221425874897.43686,,5714502.591383918,82786377367.30814,,,-4871719066.168319,-33.34360076090038,0.0,stop_loss
entry,2025-04-27 02:15:00,BUY,0.9657484212802459,0.9651,0.06718695267288174,257167525858.01462,16557275473.461628,6622910.189384651,82779754457.11874,0.9457979999999999,1.023006,,,,
exit,2025-04-27 04:45:00,,0.9451004169279905,0.9457979999999999,0.07375603162719671,257167525858.01462,,6481310.290899985,94020552427.11444,,,-5316477503.465922,-32.10961557043181,0.0,stop_loss
entry,2025-04-27 06:00:00,BUY,0.9579689723336956,0.9566,0.14310812603967196,294437153422.8469,18804110485.42289,7521644.194169156,94013030782.92027,0.937468,1.0139960000000001,,,,
exit,2025-04-27 08:45:00,,0.9614457144578503,0.962,0.057618039724490186,294437153422.8469,,7548942.382281728,113071174546.30295,,,1016133111.839136,5.403781862624404,762099833.879352,signal_reversal
entry,2025-04-27 08:45:00,SELL,0.9609721767442992,0.962,0.10684233427242472,352989953141.1393,22614234909.26059,9045693.963704236,113062128852.33925,0.98124,0.9042799999999999,,,,
exit,2025-04-27 09:15:00,,0.9634545418999734,0.9626,0.08877435071402853,352989953141.1393,,9069060.629303718,134791044740.98993,,,-885319020.6099106,-3.9148749633239643,0.0,backtest_end
